Reg,VIN,Auction type,Center,Hall Name,Auction Name,Title,Make,Model,CC,Start Date,Start Time,Derivative,Body Type,Mileage Warranted,Mileage,Year,Plate,CAP Clean,Grade,Mechanical Grade,Date Of Grading,Images,Inspection Report,Other Report,Other Report Name,lot Id,Lot,Colour,Non Runner,Fuel Type,Transmission,Doors,Former Keepers,V5 Status,V5,Service History Type,VAT Status,Service History Present,Vehicle Type,Equipment,Last Service,Last service mileage,Service history,No of services,Service through main dealers,Service Notes,Additional information,Keys,DVSA mileage,MOT Expiry Date,Declarations,Major Damage,Owned By Police,Used As Taxi,Reregistered,Change Of Registration,Modified Vehicle,Salvaged Vehicle,CAP Average,CAP New,CAP Retail,CAP Below,Vehicle base price when new,Total price when new,Description and prize
MA22 NOF,VF1RJA00968749155,Online Only,Bedford,,BCA OS Sale,RENAULT CLIO 1.0 TCE 90 R.S.LINE Hatchback,RENAULT,CLIO,1.0,2025-11-03,09:00:00,TCE 90 R.S.LINE,Hatchback,Yes,33494,2022,2022 (22 reg),10450,1,B,2025-10-29T00:00:00Z,"https://www1.bcaimage.com/Document?DocType=VehicleImage&width=600&docId=643021730, https://www1.bcaimage.com/Document?DocType=VehicleImage&width=600&docId=643021732, https://www1.bcaimage.com/Document?DocType=VehicleImage&width=600&docId=643021735, https://www1.bcaimage.com/Document?DocType=VehicleImage&width=600&docId=643021736, https://www1.bcaimage.com/Document?DocType=VehicleImage&width=600&docId=643021737, https://www1.bcaimage.com/Document?DocType=VehicleImage&width=600&docId=643021738, https://www1.bcaimage.com/Document?DocType=VehicleImage&width=600&docId=643021739, https://www1.bcaimage.com/Document?DocType=VehicleImage&width=600&docId=643021740, https://www1.bcaimage.com/Document?DocType=VehicleImage&width=600&docId=643021742, https://www1.bcaimage.com/Document?DocType=VehicleImage&width=600&docId=643021747",https://www1.bcaimage.com/Document?DocType=InspectionBase&Reg=MA22 NOF-GB,https://www1.bcaimage.com/Document?DocType=SpecificationSheet&Reg=MA22 NOF-GB,mechanicalreporturl,0,OSA001,BLUE,False,Petrol,Manual Transmission,5,1,True,Present,Maintenance Print,VAT Qualifying,True,Car,"Navigation System, Navigation HDD, Parking Sensor(s), Climate Control, Cloth Trim - Black, Half Leather Trim, Tyre Inflation Kit, Alloy Wheels, Privacy Glass, Individual Paintwork - Iron Blue",2025-10-28T00:00:00Z,33494,Maintenance Print,4,0,ERROR ON PRINT,"[{'cO2': '120 g/km', 'nox': '0.025 g/km'}, ['Key Condition - Damaged casing']]",2,27k 2025-04-14T10:02:27Z,2026-04-13T00:00:00Z,,False,False,False,False,False,False,False,"9,400","20,455","12,395","8,350",,,na
AF71 CMZ,VF3M4DGZUMS192422,Online Only,Bedford,,BCA OS Sale,PEUGEOT 3008 1.6 PHEV 225 ALLURE E-EAT8 Hatchback,PEUGEOT,3008,1.6,2025-11-03,09:00:00,PHEV 225 ALLURE E-EAT8,Hatchback,Yes,29130,2021,2021 (71 reg),14550,1,A,2025-10-29T00:00:00Z,"https://www1.bcaimage.com/Document?DocType=VehicleImage&width=600&docId=644773436, https://www1.bcaimage.com/Document?DocType=VehicleImage&width=600&docId=644773449, https://www1.bcaimage.com/Document?DocType=VehicleImage&width=600&docId=644773454, https://www1.bcaimage.com/Document?DocType=VehicleImage&width=600&docId=644773462, https://www1.bcaimage.com/Document?DocType=VehicleImage&width=600&docId=644773470, https://www1.bcaimage.com/Document?DocType=VehicleImage&width=600&docId=644773483, https://www1.bcaimage.com/Document?DocType=VehicleImage&width=600&docId=644773497, https://www1.bcaimage.com/Document?DocType=VehicleImage&width=600&docId=644773508, https://www1.bcaimage.com/Document?DocType=VehicleImage&width=600&docId=644773526, https://www1.bcaimage.com/Document?DocType=VehicleImage&width=600&docId=644773556",https://www1.bcaimage.com/Document?DocType=InspectionBase&Reg=AF71 CMZ-GB,https://www1.bcaimage.com/Document?DocType=SpecificationSheet&Reg=AF71 CMZ-GB,mechanicalreporturl,0,OSA002,GREY,False,Petrol/Electric,Automatic,5,1,True,Present,Service Book,VAT Qualifying,True,Car,"Charge Cable - Type 2, Navigation HDD, Navigation System, Parking Sensor(s), Climate Control, Leather/Cloth Trim - Black, 18"" Alloy Wheels, Tyre Inflation Kit, Privacy Glass, Metallic Paint - Nimbus Grey",2024-11-01T00:00:00Z,19523,Service Book,3,1,,"[{'cO2': '31 g/km', 'nox': '0.015 g/km'}, 'na']",2,"18k 2024-09-13T11:42:56Z, 27k 2025-08-29T08:37:55Z",2026-09-20T00:00:00Z,,False,False,False,False,False,False,False,"13,300","37,255","16,950","12,050",41540.0,42115.0,"Metallic paint 575, Nimbus Grey (Metallic) 0, TEP & Tissu 'Colyn' Mistral 0"
WA72 XWU,W1K5J8EB0PN325309,Online Only,Bedford,,BCA OS Sale,MERCEDES-BENZ CLA 180 1.3 AMG LINE PREMIUM+ NIGHT ED.DCT Coupe,MERCEDES-BENZ,CLA 180,1.3,2025-11-03,09:00:00,AMG LINE PREMIUM+ NIGHT ED.DCT,Coupe,Yes,11650,2022,2022 (72 reg),23950,1,A,2025-10-22T00:00:00Z,"https://www1.bcaimage.com/Document?DocType=VehicleImage&width=600&docId=643142030, https://www1.bcaimage.com/Document?DocType=VehicleImage&width=600&docId=643142033, https://www1.bcaimage.com/Document?DocType=VehicleImage&width=600&docId=643142037, https://www1.bcaimage.com/Document?DocType=VehicleImage&width=600&docId=643142046, https://www1.bcaimage.com/Document?DocType=VehicleImage&width=600&docId=643142059, https://www1.bcaimage.com/Document?DocType=VehicleImage&width=600&docId=643142068, https://www1.bcaimage.com/Document?DocType=VehicleImage&width=600&docId=643142085, https://www1.bcaimage.com/Document?DocType=VehicleImage&width=600&docId=643142097, https://www1.bcaimage.com/Document?DocType=VehicleImage&width=600&docId=643142108, https://www1.bcaimage.com/Document?DocType=VehicleImage&width=600&docId=643142123",https://www1.bcaimage.com/Document?DocType=InspectionBase&Reg=WA72 XWU-GB,https://www1.bcaimage.com/Document?DocType=SpecificationSheet&Reg=WA72 XWU-GB,mechanicalreporturl,0,OSA003,WHITE,False,Petrol,Auto Clutch,4,1,True,Present,Service Print,VAT Qualifying,True,Car,"Navigation HDD, Leather Pack, Climate Control, Parking Sensor(s), Contrast Stitching - Black, Leather Trim, Tyre Inflation Kit, 19"" Alloy Wheels, Privacy Glass, Metallic Paint - White, Panoramic Roof",2025-09-23T00:00:00Z,11529,Service Print,3,0,,"[{'cO2': '146 g/km', 'nox': '0.030 g/km'}, 'na']",2,11k 2025-09-23T09:40:22Z,2026-09-22T00:00:00Z,,False,False,False,False,False,False,False,"22,650","38,185","26,500","21,300",,,na
BF72 GNN,TMAJE812SNJ116259,Online Only,Bedford,,BCA OS Sale,HYUNDAI TUCSON 1.6 T-GDI PHEV 4WD ULTIMATE StationWagon,HYUNDAI,TUCSON,1.6,2025-11-03,09:00:00,T-GDI PHEV 4WD ULTIMATE,StationWagon,Yes,67551,2022,2022 (72 reg),17850,2,A,2025-10-27T00:00:00Z,"https://www1.bcaimage.com/Document?DocType=VehicleImage&width=600&docId=644537640, https://www1.bcaimage.com/Document?DocType=VehicleImage&width=600&docId=644537649, https://www1.bcaimage.com/Document?DocType=VehicleImage&width=600&docId=644537659, https://www1.bcaimage.com/Document?DocType=VehicleImage&width=600&docId=644537667, https://www1.bcaimage.com/Document?DocType=VehicleImage&width=600&docId=644537684, https://www1.bcaimage.com/Document?DocType=VehicleImage&width=600&docId=644537705, https://www1.bcaimage.com/Document?DocType=VehicleImage&width=600&docId=644537720, https://www1.bcaimage.com/Document?DocType=VehicleImage&width=600&docId=644537738, https://www1.bcaimage.com/Document?DocType=VehicleImage&width=600&docId=644537753, https://www1.bcaimage.com/Document?DocType=VehicleImage&width=600&docId=644537772",https://www1.bcaimage.com/Document?DocType=InspectionBase&Reg=BF72 GNN-GB,https://www1.bcaimage.com/Document?DocType=SpecificationSheet&Reg=BF72 GNN-GB,mechanicalreporturl,0,OSA004,BLACK,False,Petrol/Electric,Automatic,5,1,True,Present,Service Book,VAT Qualifying,True,Car,"Charge Cable - Type 2, Navigation HDD, Navigation System, Parking Sensor(s), Climate Control, Leather Trim - Moss Grey, 19"" Alloy Wheels, Tyre Inflation Kit, Pearlescent Paint - Phantom Black, Panoramic Roof",2025-10-17T00:00:00Z,67501,Service Book,5,2,,"[{'cO2': '31 g/km', 'nox': '0.004 g/km'}, 'na']",2,67k 2025-10-17T13:39:49Z,2026-10-31T00:00:00Z,,False,False,False,False,False,False,False,"16,500","42,325","20,250","15,150",,,na
RE21 WFB,WVGZZZA1ZMV140006,Online Only,Bedford,,BCA OS Sale,VOLKSWAGEN T-ROC 1.5 TSI EVO 150 R LINE DSG Hatchback,VOLKSWAGEN,T-ROC,1.5,2025-11-03,09:00:00,TSI EVO 150 R LINE DSG,Hatchback,Yes,14965,2021,2021 (21 reg),20100,3,A,2025-10-17T00:00:00Z,"https://www1.bcaimage.com/Document?DocType=VehicleImage&width=600&docId=641881934, https://www1.bcaimage.com/Document?DocType=VehicleImage&width=600&docId=641881946, https://www1.bcaimage.com/Document?DocType=VehicleImage&width=600&docId=641881960, https://www1.bcaimage.com/Document?DocType=VehicleImage&width=600&docId=641881975, https://www1.bcaimage.com/Document?DocType=VehicleImage&width=600&docId=641881994, https://www1.bcaimage.com/Document?DocType=VehicleImage&width=600&docId=641882013, https://www1.bcaimage.com/Document?DocType=VehicleImage&width=600&docId=641882035, https://www1.bcaimage.com/Document?DocType=VehicleImage&width=600&docId=641882064, https://www1.bcaimage.com/Document?DocType=VehicleImage&width=600&docId=641882080, https://www1.bcaimage.com/Document?DocType=VehicleImage&width=600&docId=641882103",https://www1.bcaimage.com/Document?DocType=InspectionBase&Reg=RE21 WFB-GB,https://www1.bcaimage.com/Document?DocType=SpecificationSheet&Reg=RE21 WFB-GB,mechanicalreporturl,0,OSA005,SILVER,False,Petrol,Auto Clutch,5,1,True,Present,Service Print,VAT Qualifying,True,Car,"Navigation HDD, Parking Sensor(s), Climate Control, Half Leather Trim, Cloth Trim - Black/Flint Carbon flag, Tyre Inflation Kit, 19"" Alloy Wheels, Metallic Paint - White SIlver, Privacy Glass",2024-04-23T00:00:00Z,9832,Service Print,1,1,,"[{'cO2': '154 g/km', 'nox': '0.024 g/km'}, 'na']",2,"9k 2024-04-23T08:56:14Z, 12k 2025-04-14T12:50:25Z",2026-04-29T00:00:00Z,,False,False,False,False,False,False,False,"18,700","30,260","22,500","17,350",35110.0,35110.0,na
HN71 FCP,TMBKB7NY9NF017975,Online Only,Bedford,,BCA OS Sale,SKODA ENYAQ 132KW 62KWH 60 LOFT Hatchback,SKODA,ENYAQ,0,2025-11-03,09:00:00,132KW 62KWH 60 LOFT,Hatchback,Yes,40119,2021,2021 (71 reg),13900,1,A,2025-10-29T00:00:00Z,"https://www1.bcaimage.com/Document?DocType=VehicleImage&width=600&docId=644525146, https://www1.bcaimage.com/Document?DocType=VehicleImage&width=600&docId=644525152, https://www1.bcaimage.com/Document?DocType=VehicleImage&width=600&docId=644525160, https://www1.bcaimage.com/Document?DocType=VehicleImage&width=600&docId=644525168, https://www1.bcaimage.com/Document?DocType=VehicleImage&width=600&docId=644525179, https://www1.bcaimage.com/Document?DocType=VehicleImage&width=600&docId=644525220, https://www1.bcaimage.com/Document?DocType=VehicleImage&width=600&docId=644525259, https://www1.bcaimage.com/Document?DocType=VehicleImage&width=600&docId=644525288, https://www1.bcaimage.com/Document?DocType=VehicleImage&width=600&docId=644525321, https://www1.bcaimage.com/Document?DocType=VehicleImage&width=600&docId=644525345",https://www1.bcaimage.com/Document?DocType=InspectionBase&Reg=HN71 FCP-GB,https://www1.bcaimage.com/Document?DocType=SpecificationSheet&Reg=HN71 FCP-GB,mechanicalreporturl,0,OSA006,BLUE,False,Electric,Automatic,5,1,True,Present,Digital Service,VAT Qualifying,True,Car,"Navigation HDD, Navigation System, Design Pack - Loft, Parking Sensor(s), Climate Control, Leather/Cloth Trim - Grey, Half Leather Trim, Solid Paint - Energy Blue",2025-10-13T00:00:00Z,39924,Digital Service,2,2,,"[{'cO2': None, 'nox': None}, 'na']",2,"33k 2024-10-04T11:42:15Z, 39k 2025-10-14T08:54:41Z",2026-10-20T00:00:00Z,,False,False,False,False,False,False,False,"12,650","34,440","16,295","11,400",,,na
NG73 VGK,VF1RJA00972068109,Online Only,Bedford,,BCA OS Sale,RENAULT CLIO 1.0 TCE 90 EVOLUTION Hatchback,RENAULT,CLIO,1.0,2025-11-03,09:00:00,TCE 90 EVOLUTION,Hatchback,Yes,20447,2023,2023 (73 reg),12050,4,A,2025-10-20T00:00:00Z,"https://www1.bcaimage.com/Document?DocType=VehicleImage&width=600&docId=642988623, https://www1.bcaimage.com/Document?DocType=VehicleImage&width=600&docId=642988633, https://www1.bcaimage.com/Document?DocType=VehicleImage&width=600&docId=642988638, https://www1.bcaimage.com/Document?DocType=VehicleImage&width=600&docId=642988643, https://www1.bcaimage.com/Document?DocType=VehicleImage&width=600&docId=642988658, https://www1.bcaimage.com/Document?DocType=VehicleImage&width=600&docId=642988674, https://www1.bcaimage.com/Document?DocType=VehicleImage&width=600&docId=642988684, https://www1.bcaimage.com/Document?DocType=VehicleImage&width=600&docId=642988698, https://www1.bcaimage.com/Document?DocType=VehicleImage&width=600&docId=642988710, https://www1.bcaimage.com/Document?DocType=VehicleImage&width=600&docId=642988725",https://www1.bcaimage.com/Document?DocType=InspectionBase&Reg=NG73 VGK-GB,https://www1.bcaimage.com/Document?DocType=SpecificationSheet&Reg=NG73 VGK-GB,mechanicalreporturl,0,OSA007,BLACK,False,Petrol,Manual Transmission,5,3,True,Present,Maintenance Print,VAT Qualifying,True,Car,"Navigation HDD, Navigation System, Parking Sensor(s), Climate Control, Cloth Trim - Grey, Alloy Wheels, Metallic Paint - Diamond Black",2025-08-26T00:00:00Z,19576,Maintenance Print,1,0,,"[{'cO2': '118 g/km', 'nox': '0.025 g/km'}, 'na']",1,na,2026-12-30T00:00:00Z,,False,False,False,False,False,False,False,"11,000","17,530","14,095","9,925",,,na
FY70 MVW,SB1Z93BE30E141434,Online Only,Bedford,,BCA OS Sale,TOYOTA COROLLA T/S 1.8 VVT-I HYBRID ICON TECH Estate,TOYOTA,COROLLA T/S,1.8,2025-11-03,09:00:00,VVT-I HYBRID ICON TECH,Estate,Yes,19839,2020,2020 (70 reg),16000,3,A,2025-10-21T00:00:00Z,"https://www1.bcaimage.com/Document?DocType=VehicleImage&width=600&docId=642711539, https://www1.bcaimage.com/Document?DocType=VehicleImage&width=600&docId=642711546, https://www1.bcaimage.com/Document?DocType=VehicleImage&width=600&docId=642711554, https://www1.bcaimage.com/Document?DocType=VehicleImage&width=600&docId=642711564, https://www1.bcaimage.com/Document?DocType=VehicleImage&width=600&docId=642711578, https://www1.bcaimage.com/Document?DocType=VehicleImage&width=600&docId=642711596, https://www1.bcaimage.com/Document?DocType=VehicleImage&width=600&docId=642711621, https://www1.bcaimage.com/Document?DocType=VehicleImage&width=600&docId=642711637, https://www1.bcaimage.com/Document?DocType=VehicleImage&width=600&docId=642711651, https://www1.bcaimage.com/Document?DocType=VehicleImage&width=600&docId=642711666",https://www1.bcaimage.com/Document?DocType=InspectionBase&Reg=FY70 MVW-GB,https://www1.bcaimage.com/Document?DocType=SpecificationSheet&Reg=FY70 MVW-GB,mechanicalreporturl,0,OSA008,BLUE,False,Petrol/Electric,CVT,5,1,True,Present,Service Book,VAT Qualifying,True,Car,"Navigation System, Navigation HDD, Parking Sensor(s), Climate Control, Cloth Trim - Black, Alloy Wheels, Space Saver Spare Wheel, Metallic Paint - Denim Blue, Privacy Glass",2025-05-21T00:00:00Z,18375,Service Book,2,2,,"[{'cO2': '103 g/km', 'nox': '0.003 g/km'}, 'na']",1,"13k 2023-11-27T09:56:12Z, 16k 2024-11-11T13:57:04Z",2025-11-26T00:00:00Z,,False,False,False,False,False,False,False,"14,800","26,305","18,195","13,650",,,na
CA72 BXG,VR3UPHNSSNT096662,Online Only,Bedford,,BCA OS Sale,PEUGEOT 208 1.2 P/T 130 GT EAT8 Hatchback,PEUGEOT,208,1.2,2025-11-03,09:00:00,P/T 130 GT EAT8,Hatchback,Yes,14572,2022,2022 (72 reg),14250,2,A,2025-10-29T00:00:00Z,"https://www1.bcaimage.com/Document?DocType=VehicleImage&width=600&docId=645486144, https://www1.bcaimage.com/Document?DocType=VehicleImage&width=600&docId=645486150, https://www1.bcaimage.com/Document?DocType=VehicleImage&width=600&docId=645486158, https://www1.bcaimage.com/Document?DocType=VehicleImage&width=600&docId=645486164, https://www1.bcaimage.com/Document?DocType=VehicleImage&width=600&docId=645486167, https://www1.bcaimage.com/Document?DocType=VehicleImage&width=600&docId=645486182, https://www1.bcaimage.com/Document?DocType=VehicleImage&width=600&docId=645486191, https://www1.bcaimage.com/Document?DocType=VehicleImage&width=600&docId=645486202, https://www1.bcaimage.com/Document?DocType=VehicleImage&width=600&docId=645486210, https://www1.bcaimage.com/Document?DocType=VehicleImage&width=600&docId=645486219",https://www1.bcaimage.com/Document?DocType=InspectionBase&Reg=CA72 BXG-GB,https://www1.bcaimage.com/Document?DocType=SpecificationSheet&Reg=CA72 BXG-GB,mechanicalreporturl,0,OSA009,BLACK,False,Petrol,Automatic,5,1,True,Present,Service Book,VAT Qualifying,True,Car,"Navigation System, Navigation HDD, Parking Sensor(s), Climate Control, Leather/Cloth Trim, Space Saver Spare Wheel, 17"" Alloy Wheels, Privacy Glass, Special Paint - Nera Black Met.",2025-10-01T00:00:00Z,13281,Service Book,2,0,,"[{'cO2': '122 g/km', 'nox': None}, 'na']",2,13k 2025-10-01T14:46:57Z,2026-09-30T00:00:00Z,,False,False,False,False,False,False,False,"13,150","25,895","16,250","12,000",,,na
LM21 KHP,W1K2130162A953689,Online Only,Bedford,,BCA OS Sale,MERCEDES-BENZ E300 DE EQ-P 2.0 AMG LINE 9G Saloon,MERCEDES-BENZ,E300 DE EQ-P,2.0,2025-11-03,09:00:00,AMG LINE 9G,Saloon,Yes,107025,2021,2021 (21 reg),16500,2,A,2025-10-28T00:00:00Z,"https://www1.bcaimage.com/Document?DocType=VehicleImage&width=600&docId=643889522, https://www1.bcaimage.com/Document?DocType=VehicleImage&width=600&docId=643889530, https://www1.bcaimage.com/Document?DocType=VehicleImage&width=600&docId=643889539, https://www1.bcaimage.com/Document?DocType=VehicleImage&width=600&docId=643889546, https://www1.bcaimage.com/Document?DocType=VehicleImage&width=600&docId=643889560, https://www1.bcaimage.com/Document?DocType=VehicleImage&width=600&docId=643889575, https://www1.bcaimage.com/Document?DocType=VehicleImage&width=600&docId=643889591, https://www1.bcaimage.com/Document?DocType=VehicleImage&width=600&docId=643889607, https://www1.bcaimage.com/Document?DocType=VehicleImage&width=600&docId=643889632, https://www1.bcaimage.com/Document?DocType=VehicleImage&width=600&docId=643889654",https://www1.bcaimage.com/Document?DocType=InspectionBase&Reg=LM21 KHP-GB,https://www1.bcaimage.com/Document?DocType=SpecificationSheet&Reg=LM21 KHP-GB,mechanicalreporturl,0,OSA010,BLUE,False,Diesel/Electric,Auto/Manual Mode,4,1,True,Present,Service Print,VAT Qualifying,True,Car,"Charge Cable - 3 Pin, Charge Cable - Type 2, Navigation HDD, Climate Control, Parking Sensor(s), Leather Trim, Leather Trim - Black, 18"" Alloy Wheels, Tyre Inflation Kit, Metallic Paint - Canvasite Blue",2024-07-11T00:00:00Z,76591,Service Print,4,0,,"[{'cO2': '33 g/km', 'nox': '0.030 g/km'}, 'na']",1,"70k 2024-03-29T11:02:54Z, 91k 2025-02-22T16:04:51Z",2026-02-21T00:00:00Z,,False,False,False,False,False,False,False,"15,300","51,735","19,750","14,100",,,na
LS73 ENK,JMZKH0HB701138715,Online Only,Bedford,,BCA OS Sale,MAZDA CX-60 2.5 E-SKY PHEV AWD EXCLUSIVE LINE StationWagon,MAZDA,CX-60,2.5,2025-11-03,09:00:00,E-SKY PHEV AWD EXCLUSIVE LINE,StationWagon,Yes,17751,2023,2023 (73 reg),24050,1,A,2025-10-17T00:00:00Z,"https://www1.bcaimage.com/Document?DocType=VehicleImage&width=600&docId=642930421, https://www1.bcaimage.com/Document?DocType=VehicleImage&width=600&docId=642930451, https://www1.bcaimage.com/Document?DocType=VehicleImage&width=600&docId=642930466, https://www1.bcaimage.com/Document?DocType=VehicleImage&width=600&docId=642930493, https://www1.bcaimage.com/Document?DocType=VehicleImage&width=600&docId=642930509, https://www1.bcaimage.com/Document?DocType=VehicleImage&width=600&docId=642930561, https://www1.bcaimage.com/Document?DocType=VehicleImage&width=600&docId=642930593, https://www1.bcaimage.com/Document?DocType=VehicleImage&width=600&docId=642930623, https://www1.bcaimage.com/Document?DocType=VehicleImage&width=600&docId=642930673, https://www1.bcaimage.com/Document?DocType=VehicleImage&width=600&docId=642930696",https://www1.bcaimage.com/Document?DocType=InspectionBase&Reg=LS73 ENK-GB,https://www1.bcaimage.com/Document?DocType=SpecificationSheet&Reg=LS73 ENK-GB,mechanicalreporturl,0,OSA011,GREY,False,Petrol/Electric,Automatic,5,1,True,Present,Maintenance Print,VAT Qualifying,True,Car,"Charge Cable - 3 Pin, Charge Cable - Type 2, Navigation System, Navigation HDD, Climate Control, Parking Sensor(s), Leather Trim, Leather Trim - Black, 18"" Alloy Wheels, Metallic Paint - Machine Grey",2025-10-17T00:00:00Z,17751,Maintenance Print,1,0,,"[{'cO2': '33 g/km', 'nox': None}, 'na']",1,na,2026-09-29T00:00:00Z,,False,False,False,False,False,False,False,"22,700","45,365","27,250","21,300",,,na
YT71 XFM,WF0TR3SU0MMA28786,Online Only,Bedford,,BCA OS Sale,FORD MUSTANG MACH-E 258KW 88KWH AWD EXTENDED RANGE Hatchback,FORD,MUSTANG MACH-E,0,2025-11-03,09:00:00,258KW 88KWH AWD EXTENDED RANGE,Hatchback,Yes,40034,2021,2021 (71 reg),21050,2,A,2025-10-29T00:00:00Z,"https://www1.bcaimage.com/Document?DocType=VehicleImage&width=600&docId=645552951, https://www1.bcaimage.com/Document?DocType=VehicleImage&width=600&docId=645552977, https://www1.bcaimage.com/Document?DocType=VehicleImage&width=600&docId=645552985, https://www1.bcaimage.com/Document?DocType=VehicleImage&width=600&docId=645552996, https://www1.bcaimage.com/Document?DocType=VehicleImage&width=600&docId=645553003, https://www1.bcaimage.com/Document?DocType=VehicleImage&width=600&docId=645553026, https://www1.bcaimage.com/Document?DocType=VehicleImage&width=600&docId=645553051, https://www1.bcaimage.com/Document?DocType=VehicleImage&width=600&docId=645553096, https://www1.bcaimage.com/Document?DocType=VehicleImage&width=600&docId=645553124, https://www1.bcaimage.com/Document?DocType=VehicleImage&width=600&docId=645553144",https://www1.bcaimage.com/Document?DocType=InspectionBase&Reg=YT71 XFM-GB,https://www1.bcaimage.com/Document?DocType=SpecificationSheet&Reg=YT71 XFM-GB,mechanicalreporturl,0,OSA012,GREY,False,Electric,Automatic,5,1,True,Present,Service Print,VAT Qualifying,True,Car,"Charge Cable - 3 Pin, Charge Cable - Type 2, Navigation System, Navigation HDD, Parking Sensor(s), Climate Control, Leather Trim, Leather/Cloth Trim - Black, Tyre Inflation Kit, 19"" Alloy Wheels, Exclusive Paint - Carbonised Grey, Panoramic Roof",2023-02-28T00:00:00Z,17384,Service Print,1,1,,"[{'cO2': None, 'nox': None}, 'na']",2,"31k 2024-09-27T08:28:50Z, 39k 2025-09-06T10:33:33Z",2026-09-29T00:00:00Z,,False,False,False,False,False,False,False,"19,650","56,975","23,500","18,300",,,na
HJ22 GKN,WAUZZZFZ6NP012382,Online Only,Bedford,,BCA OS Sale,AUDI Q4 E-TRON 40 150KW 83KWH SPORT StationWagon,AUDI,Q4 E-TRON,0,2025-11-03,09:00:00,40 150KW 83KWH SPORT,StationWagon,Yes,45937,2022,2022 (22 reg),18600,2,A,2025-10-28T00:00:00Z,"https://www1.bcaimage.com/Document?DocType=VehicleImage&width=600&docId=639649443, https://www1.bcaimage.com/Document?DocType=VehicleImage&width=600&docId=639649447, https://www1.bcaimage.com/Document?DocType=VehicleImage&width=600&docId=639649457, https://www1.bcaimage.com/Document?DocType=VehicleImage&width=600&docId=639649462, https://www1.bcaimage.com/Document?DocType=VehicleImage&width=600&docId=639649467, https://www1.bcaimage.com/Document?DocType=VehicleImage&width=600&docId=639649476, https://www1.bcaimage.com/Document?DocType=VehicleImage&width=600&docId=639649483, https://www1.bcaimage.com/Document?DocType=VehicleImage&width=600&docId=639649494, https://www1.bcaimage.com/Document?DocType=VehicleImage&width=600&docId=639649507, https://www1.bcaimage.com/Document?DocType=VehicleImage&width=600&docId=639649519",https://www1.bcaimage.com/Document?DocType=InspectionBase&Reg=HJ22 GKN-GB,https://www1.bcaimage.com/Document?DocType=SpecificationSheet&Reg=HJ22 GKN-GB,mechanicalreporturl,0,OSA013,BLUE,False,Electric,Automatic,5,1,True,Present,Digital Service,VAT Qualifying,True,Car,"Charge Cable - 3 Pin, Charge Cable - Type 2, Navigation System, Navigation HDD, Climate Control, Parking Sensor(s), Cloth Trim - Black Routine, 19"" Alloy Wheels, Tyre Inflation Kit, Metallic Paint - Geyser Blue",2025-09-16T00:00:00Z,44974,Digital Service,1,1,,"[{'cO2': None, 'nox': None}, 'na']",2,39k 2025-02-26T10:51:01Z,2026-03-20T00:00:00Z,,False,False,False,False,False,False,False,"17,250","46,725","21,250","15,900",,,na
DV23 MDO,VXKUPHMHDP4068084,Online Only,Blackbushe,,BCA OS Sale,VAUXHALL CORSA 1.2 DESIGN Hatchback,VAUXHALL,CORSA,1.2,2025-11-03,09:00:00,DESIGN,Hatchback,Yes,20566,2023,2023 (23 reg),9300,2,A,2025-10-29T00:00:00Z,"https://www1.bcaimage.com/Document?DocType=VehicleImage&width=600&docId=643654571, https://www1.bcaimage.com/Document?DocType=VehicleImage&width=600&docId=643654581, https://www1.bcaimage.com/Document?DocType=VehicleImage&width=600&docId=643654587, https://www1.bcaimage.com/Document?DocType=VehicleImage&width=600&docId=643654596, https://www1.bcaimage.com/Document?DocType=VehicleImage&width=600&docId=643654603, https://www1.bcaimage.com/Document?DocType=VehicleImage&width=600&docId=643654619, https://www1.bcaimage.com/Document?DocType=VehicleImage&width=600&docId=643654635, https://www1.bcaimage.com/Document?DocType=VehicleImage&width=600&docId=643654655, https://www1.bcaimage.com/Document?DocType=VehicleImage&width=600&docId=643654670, https://www1.bcaimage.com/Document?DocType=VehicleImage&width=600&docId=643654690",https://www1.bcaimage.com/Document?DocType=InspectionBase&Reg=DV23 MDO-GB,https://www1.bcaimage.com/Document?DocType=SpecificationSheet&Reg=DV23 MDO-GB,mechanicalreporturl,0,OSA014,RED,False,Petrol,Manual Transmission,5,1,True,Present,Service Book,VAT Qualifying,True,Car,"Air Conditioning, Cloth Trim, Alloy Wheels, Body Colour - Crimson",2025-07-03T00:00:00Z,18213,Service Book,2,0,,"[{'cO2': '120 g/km', 'nox': None}, 'na']",2,na,2026-04-29T00:00:00Z,,False,False,False,False,False,False,False,"8,275","17,820","11,295","7,250",,,na
WF72 RTV,W1K5J8EB2PN340040,Online Only,Blackbushe,,BCA OS Sale,MERCEDES-BENZ CLA 180 1.3 AMG LINE PREMIUM DCT Coupe,MERCEDES-BENZ,CLA 180,1.3,2025-11-03,09:00:00,AMG LINE PREMIUM DCT,Coupe,Yes,55453,2022,2022 (72 reg),18200,2,A,2025-10-29T00:00:00Z,"https://www1.bcaimage.com/Document?DocType=VehicleImage&width=600&docId=645322812, https://www1.bcaimage.com/Document?DocType=VehicleImage&width=600&docId=645322815, https://www1.bcaimage.com/Document?DocType=VehicleImage&width=600&docId=645322819, https://www1.bcaimage.com/Document?DocType=VehicleImage&width=600&docId=645322822, https://www1.bcaimage.com/Document?DocType=VehicleImage&width=600&docId=645322826, https://www1.bcaimage.com/Document?DocType=VehicleImage&width=600&docId=645322831, https://www1.bcaimage.com/Document?DocType=VehicleImage&width=600&docId=645322838, https://www1.bcaimage.com/Document?DocType=VehicleImage&width=600&docId=645322844, https://www1.bcaimage.com/Document?DocType=VehicleImage&width=600&docId=645322848, https://www1.bcaimage.com/Document?DocType=VehicleImage&width=600&docId=645322861",https://www1.bcaimage.com/Document?DocType=InspectionBase&Reg=WF72 RTV-GB,https://www1.bcaimage.com/Document?DocType=SpecificationSheet&Reg=WF72 RTV-GB,mechanicalreporturl,0,OSA015,WHITE,False,Petrol,Auto Clutch,4,1,True,Present,Digital Service,VAT Qualifying,True,Car,"Navigation HDD, Leather Pack, Parking Sensor(s), Climate Control, Leather Trim, Contrast Stitching - Black, 18"" Alloy Wheels, Tyre Repair Kit, Privacy Glass, Metallic Paint - White",2025-09-05T00:00:00Z,53094,Digital Service,3,0,,"[{'cO2': '138 g/km', 'nox': '0.030 g/km'}, 'na']",2,53k 2025-09-05T12:58:35Z,2026-09-19T00:00:00Z,,False,False,False,False,False,False,False,"17,000","35,785","20,250","15,850",,,na
MJ21 JBU,VF72RHNPMM4067608,Online Only,Blackbushe,,BCA OS Sale,CITROEN C3 AIRCROSS 1.2 P/T 110 SHINE (6) Hatchback,CITROEN,C3 AIRCROSS,1.2,2025-11-03,09:00:00,P/T 110 SHINE (6),Hatchback,Yes,16693,2021,2021 (21 reg),8000,1,A,2025-10-23T00:00:00Z,"https://www1.bcaimage.com/Document?DocType=VehicleImage&width=600&docId=643063640, https://www1.bcaimage.com/Document?DocType=VehicleImage&width=600&docId=643063642, https://www1.bcaimage.com/Document?DocType=VehicleImage&width=600&docId=643063644, https://www1.bcaimage.com/Document?DocType=VehicleImage&width=600&docId=643063645, https://www1.bcaimage.com/Document?DocType=VehicleImage&width=600&docId=643063646, https://www1.bcaimage.com/Document?DocType=VehicleImage&width=600&docId=643063647, https://www1.bcaimage.com/Document?DocType=VehicleImage&width=600&docId=643063648, https://www1.bcaimage.com/Document?DocType=VehicleImage&width=600&docId=643063651, https://www1.bcaimage.com/Document?DocType=VehicleImage&width=600&docId=643063653, https://www1.bcaimage.com/Document?DocType=VehicleImage&width=600&docId=643063654",https://www1.bcaimage.com/Document?DocType=InspectionBase&Reg=MJ21 JBU-GB,https://www1.bcaimage.com/Document?DocType=SpecificationSheet&Reg=MJ21 JBU-GB,mechanicalreporturl,0,OSA016,GREY,False,Petrol,Manual Transmission,5,1,True,Present,Maintenance Print,VAT Qualifying,True,Car,"Navigation HDD, Parking Sensor(s), Climate Control, Cloth Trim - Grey, Tyre Repair Kit, Alloy Wheels, Special Paint - Platinum Grey",2025-10-30T00:00:00Z,16693,Maintenance Print,1,0,,"[{'cO2': '135 g/km', 'nox': '0.029 g/km'}, 'na']",2,"11k 2024-10-16T09:38:41Z, 16k 2025-09-30T11:28:09Z",2026-10-15T00:00:00Z,,False,False,False,False,False,False,False,"7,025","19,415","9,995","6,025",19540.0,20060.0,"Metallic Paint 520, Grey Mica cloth 0, Platinum Grey metallic 0"
GX70 UOG,SALYA2AX3LA288028,Online Only,Blackbushe,,BCA OS Sale,LAND ROVER R/R VELAR 2.0 P300 R-DYNAMIC SE StationWagon,LAND ROVER,R/R VELAR,2.0,2025-11-03,09:00:00,P300 R-DYNAMIC SE,StationWagon,Yes,38211,2020,2020 (70 reg),24300,4,B,2025-10-17T00:00:00Z,"https://www1.bcaimage.com/Document?DocType=VehicleImage&width=600&docId=641570113, https://www1.bcaimage.com/Document?DocType=VehicleImage&width=600&docId=641570116, https://www1.bcaimage.com/Document?DocType=VehicleImage&width=600&docId=641570118, https://www1.bcaimage.com/Document?DocType=VehicleImage&width=600&docId=641570120, https://www1.bcaimage.com/Document?DocType=VehicleImage&width=600&docId=641570123, https://www1.bcaimage.com/Document?DocType=VehicleImage&width=600&docId=641570126, https://www1.bcaimage.com/Document?DocType=VehicleImage&width=600&docId=641570129, https://www1.bcaimage.com/Document?DocType=VehicleImage&width=600&docId=641570131, https://www1.bcaimage.com/Document?DocType=VehicleImage&width=600&docId=641570133, https://www1.bcaimage.com/Document?DocType=VehicleImage&width=600&docId=641570137",https://www1.bcaimage.com/Document?DocType=InspectionBase&Reg=GX70 UOG-GB,https://www1.bcaimage.com/Document?DocType=SpecificationSheet&Reg=GX70 UOG-GB,mechanicalreporturl,0,OSA017,KAIKOURA STONE METALLIC,False,Petrol,Automatic,5,1,True,Present,Digital Service,VAT Qualifying,True,Car,"Navigation HDD, Parking Sensor(s), Climate Control, Leather Trim, Space Saver Spare Wheel, 20"" Alloy Wheels, Panoramic Roof, Privacy Glass",2025-01-31T00:00:00Z,48940,Digital Service,2,2,,"[{'cO2': '225 g/km', 'nox': None}, ['Service Discrepancy - susp 2025 SH in kms']]",2,"21k 2023-09-16T08:36:58Z, 29k 2024-09-05T08:19:14Z, 37k 2025-09-18T15:12:10Z",2026-09-17T00:00:00Z,,False,False,False,False,False,False,False,"22,950","58,555","27,250","21,650",,,na
FL21 XTR,TMAJC81BLMJ019609,Online Only,Blackbushe,,BCA OS Sale,HYUNDAI TUCSON 1.6 T-GDI 48V MHD 2WD SE CONNECT StationWagon,HYUNDAI,TUCSON,1.6,2025-11-03,09:00:00,T-GDI 48V MHD 2WD SE CONNECT,StationWagon,Yes,39487,2021,2021 (21 reg),14000,1,A,2025-10-28T00:00:00Z,"https://www1.bcaimage.com/Document?DocType=VehicleImage&width=600&docId=644206070, https://www1.bcaimage.com/Document?DocType=VehicleImage&width=600&docId=644206072, https://www1.bcaimage.com/Document?DocType=VehicleImage&width=600&docId=644206073, https://www1.bcaimage.com/Document?DocType=VehicleImage&width=600&docId=644206074, https://www1.bcaimage.com/Document?DocType=VehicleImage&width=600&docId=644206075, https://www1.bcaimage.com/Document?DocType=VehicleImage&width=600&docId=644206077, https://www1.bcaimage.com/Document?DocType=VehicleImage&width=600&docId=644206078, https://www1.bcaimage.com/Document?DocType=VehicleImage&width=600&docId=644206079, https://www1.bcaimage.com/Document?DocType=VehicleImage&width=600&docId=644206080, https://www1.bcaimage.com/Document?DocType=VehicleImage&width=600&docId=644206081",https://www1.bcaimage.com/Document?DocType=InspectionBase&Reg=FL21 XTR-GB,https://www1.bcaimage.com/Document?DocType=SpecificationSheet&Reg=FL21 XTR-GB,mechanicalreporturl,0,OSA018,BLUE,False,Petrol,Manual Transmission,5,1,True,Present,Service Book,VAT Qualifying,True,Car,"Navigation HDD, Parking Sensor(s), Climate Control, Tyre Repair Kit, 17"" Alloy Wheels, Privacy Glass",2025-03-12T00:00:00Z,30629,Service Book,2,0,,"[{'cO2': '148 g/km', 'nox': '0.027 g/km'}, 'na']",2,"22k 2024-06-07T09:27:34Z, 35k 2025-06-27T15:48:58Z",2026-06-29T00:00:00Z,,False,False,False,False,False,False,False,"12,750","28,975","16,395","11,500",,,na
VE22 WTV,VXKUPHMHDN4261306,Online Only,Blackbushe,,BCA OS Sale,VAUXHALL CORSA 1.2 75 SE ED. Hatchback,VAUXHALL,CORSA,1.2,2025-11-03,09:00:00,75 SE ED.,Hatchback,Yes,25796,2022,2022 (22 reg),8700,2,A,2025-10-22T00:00:00Z,"https://www1.bcaimage.com/Document?DocType=VehicleImage&width=600&docId=643108611, https://www1.bcaimage.com/Document?DocType=VehicleImage&width=600&docId=643108620, https://www1.bcaimage.com/Document?DocType=VehicleImage&width=600&docId=643108631, https://www1.bcaimage.com/Document?DocType=VehicleImage&width=600&docId=643108642, https://www1.bcaimage.com/Document?DocType=VehicleImage&width=600&docId=643108650, https://www1.bcaimage.com/Document?DocType=VehicleImage&width=600&docId=643108658, https://www1.bcaimage.com/Document?DocType=VehicleImage&width=600&docId=643108670, https://www1.bcaimage.com/Document?DocType=VehicleImage&width=600&docId=643108678, https://www1.bcaimage.com/Document?DocType=VehicleImage&width=600&docId=643108688, https://www1.bcaimage.com/Document?DocType=VehicleImage&width=600&docId=643108702",https://www1.bcaimage.com/Document?DocType=InspectionBase&Reg=VE22 WTV-GB,https://www1.bcaimage.com/Document?DocType=SpecificationSheet&Reg=VE22 WTV-GB,mechanicalreporturl,0,OSA019,GREY,False,Petrol,Manual Transmission,5,1,True,Present,Service Book,VAT Qualifying,True,Car,"Air Conditioning, Cloth Trim, Tyre Repair Kit, Alloy Wheels, Metallic Paint - Crystal",2024-11-26T00:00:00Z,19630,Service Book,1,1,,"[{'cO2': '118 g/km', 'nox': '0.011 g/km'}, 'na']",2,23k 2025-06-18T09:36:10Z,2026-06-19T00:00:00Z,,False,False,False,False,False,False,False,"7,700","17,145","10,695","6,675",,,na
BC23 WVD,KMHS6812SPU083317,Online Only,Blackbushe,,BCA OS Sale,HYUNDAI SANTA FE 1.6 T-GDI PHEV 4WD PREMIUM StationWagon,HYUNDAI,SANTA FE,1.6,2025-11-03,09:00:00,T-GDI PHEV 4WD PREMIUM,StationWagon,Yes,23392,2023,2023 (23 reg),29950,1,A,2025-10-24T00:00:00Z,"https://www1.bcaimage.com/Document?DocType=VehicleImage&width=600&docId=640773965, https://www1.bcaimage.com/Document?DocType=VehicleImage&width=600&docId=640773966, https://www1.bcaimage.com/Document?DocType=VehicleImage&width=600&docId=640773967, https://www1.bcaimage.com/Document?DocType=VehicleImage&width=600&docId=640773970, https://www1.bcaimage.com/Document?DocType=VehicleImage&width=600&docId=640773971, https://www1.bcaimage.com/Document?DocType=VehicleImage&width=600&docId=640773973, https://www1.bcaimage.com/Document?DocType=VehicleImage&width=600&docId=640773974, https://www1.bcaimage.com/Document?DocType=VehicleImage&width=600&docId=640773975, https://www1.bcaimage.com/Document?DocType=VehicleImage&width=600&docId=640773976, https://www1.bcaimage.com/Document?DocType=VehicleImage&width=600&docId=640773979",https://www1.bcaimage.com/Document?DocType=InspectionBase&Reg=BC23 WVD-GB,https://www1.bcaimage.com/Document?DocType=SpecificationSheet&Reg=BC23 WVD-GB,mechanicalreporturl,0,OSA020,BLACK,False,Petrol/Electric,Automatic,5,1,True,Present,Maintenance Print,VAT Qualifying,True,Car,"Charge Cable - Type 2, Navigation HDD, Parking Sensor(s), Climate Control, Leather Trim, 7 Seats, 19"" Alloy Wheels, Pearlescent Paint - Abyss Black, Privacy Glass",2025-10-30T00:00:00Z,23392,Maintenance Print,1,0,,"[{'cO2': '37 g/km', 'nox': '0.007 g/km'}, 'na']",2,na,2026-08-06T00:00:00Z,,False,False,False,False,False,False,False,"28,650","47,560","33,000","27,350",,,na
RF21 UDU,WVGZZZC1ZMY130051,Online Only,Blackbushe,,BCA OS Sale,VOLKSWAGEN T-CROSS 1.0 TSI 110 SEL DSG Hatchback,VOLKSWAGEN,T-CROSS,1.0,2025-11-03,09:00:00,TSI 110 SEL DSG,Hatchback,Yes,19869,2021,2021 (21 reg),14900,2,A,2025-10-23T00:00:00Z,"https://www1.bcaimage.com/Document?DocType=VehicleImage&width=600&docId=641931282, https://www1.bcaimage.com/Document?DocType=VehicleImage&width=600&docId=641931286, https://www1.bcaimage.com/Document?DocType=VehicleImage&width=600&docId=641931288, https://www1.bcaimage.com/Document?DocType=VehicleImage&width=600&docId=641931294, https://www1.bcaimage.com/Document?DocType=VehicleImage&width=600&docId=641931299, https://www1.bcaimage.com/Document?DocType=VehicleImage&width=600&docId=641931305, https://www1.bcaimage.com/Document?DocType=VehicleImage&width=600&docId=641931311, https://www1.bcaimage.com/Document?DocType=VehicleImage&width=600&docId=641931319, https://www1.bcaimage.com/Document?DocType=VehicleImage&width=600&docId=641931323, https://www1.bcaimage.com/Document?DocType=VehicleImage&width=600&docId=641931329",https://www1.bcaimage.com/Document?DocType=InspectionBase&Reg=RF21 UDU-GB,https://www1.bcaimage.com/Document?DocType=SpecificationSheet&Reg=RF21 UDU-GB,mechanicalreporturl,0,OSA021,BLACK,False,Petrol,Auto Clutch,5,1,True,Present,Digital Service,VAT Qualifying,True,Car,"Navigation HDD, Parking Sensor(s), Climate Control, Half Leather Trim, 17"" Alloy Wheels, Privacy Glass, Pearlescent Paint - Pearl Black",2023-04-25T00:00:00Z,7313,Digital Service,1,1,,"[{'cO2': '147 g/km', 'nox': '0.043 g/km'}, 'na']",2,"12k 2024-06-26T15:26:15Z, 17k 2025-06-27T10:19:38Z",2026-06-28T00:00:00Z,,False,False,False,False,False,False,False,"13,600","24,300","17,250","12,300",24035.0,24620.0,"Deep Black Pearl Effect Paint 585, Deep Black Pearl Effect 0, â€˜Tracks 2â€™ cloth Titan Black/Ceramique 0"
LO72 MMF,TMBKB7NY8PF017792,Online Only,Blackbushe,,BCA OS Sale,SKODA ENYAQ 132KW 62KWH 60 SUITE(120KC) Hatchback,SKODA,ENYAQ,0,2025-11-03,09:00:00,132KW 62KWH 60 SUITE(120KC),Hatchback,Yes,28167,2022,2022 (72 reg),16200,1,B,2025-10-29T00:00:00Z,"https://www1.bcaimage.com/Document?DocType=VehicleImage&width=600&docId=644713433, https://www1.bcaimage.com/Document?DocType=VehicleImage&width=600&docId=644713438, https://www1.bcaimage.com/Document?DocType=VehicleImage&width=600&docId=644713446, https://www1.bcaimage.com/Document?DocType=VehicleImage&width=600&docId=644713449, https://www1.bcaimage.com/Document?DocType=VehicleImage&width=600&docId=644713453, https://www1.bcaimage.com/Document?DocType=VehicleImage&width=600&docId=644713461, https://www1.bcaimage.com/Document?DocType=VehicleImage&width=600&docId=644713468, https://www1.bcaimage.com/Document?DocType=VehicleImage&width=600&docId=644713478, https://www1.bcaimage.com/Document?DocType=VehicleImage&width=600&docId=644713486, https://www1.bcaimage.com/Document?DocType=VehicleImage&width=600&docId=644713492",https://www1.bcaimage.com/Document?DocType=InspectionBase&Reg=LO72 MMF-GB,https://www1.bcaimage.com/Document?DocType=SpecificationSheet&Reg=LO72 MMF-GB,mechanicalreporturl,0,OSA022,BLUE,False,Electric,Automatic,5,1,True,Present,Digital Service,VAT Qualifying,True,Car,"Charge Cable - Type 2, Navigation HDD, Suite Design Pack - Black Leather, Parking Sensor(s), Climate Control, Leather Trim, 20"" Alloy Wheels, Solid Paint - Energy Blue",2024-12-16T00:00:00Z,19113,Digital Service,1,1,,"[{'cO2': None, 'nox': None}, ['Key Condition - Remote Inoperative']]",2,na,2025-12-18T00:00:00Z,,False,False,False,False,False,False,False,"14,850","40,295","18,595","13,500",,,na
AF72 OYN,LRWYHCEK1NC418710,Online Only,Blackbushe,,BCA OS Sale,TESLA MODEL Y AWD LONG RANGE Hatchback,TESLA,MODEL Y,0,2025-11-03,09:00:00,AWD LONG RANGE,Hatchback,Yes,74930,2022,2022 (72 reg),19050,3,A,2025-10-25T00:00:00Z,"https://www1.bcaimage.com/Document?DocType=VehicleImage&width=600&docId=644293400, https://www1.bcaimage.com/Document?DocType=VehicleImage&width=600&docId=644293404, https://www1.bcaimage.com/Document?DocType=VehicleImage&width=600&docId=644293406, https://www1.bcaimage.com/Document?DocType=VehicleImage&width=600&docId=644293410, https://www1.bcaimage.com/Document?DocType=VehicleImage&width=600&docId=644293413, https://www1.bcaimage.com/Document?DocType=VehicleImage&width=600&docId=644293419, https://www1.bcaimage.com/Document?DocType=VehicleImage&width=600&docId=644293425, https://www1.bcaimage.com/Document?DocType=VehicleImage&width=600&docId=644293430, https://www1.bcaimage.com/Document?DocType=VehicleImage&width=600&docId=644293433, https://www1.bcaimage.com/Document?DocType=VehicleImage&width=600&docId=644293437",https://www1.bcaimage.com/Document?DocType=InspectionBase&Reg=AF72 OYN-GB,https://www1.bcaimage.com/Document?DocType=SpecificationSheet&Reg=AF72 OYN-GB,mechanicalreporturl,0,OSA023,BLACK,False,Electric,Automatic,5,1,True,Present,No,VAT Qualifying,False,Car,"Charge Cable - Type 2, Charge Cable - 3 Pin, Navigation HDD, Climate Control, Parking Sensor(s), Cloth Trim - Premium Engineered, Leather Trim, 19"" Alloy Wheels, Solid Paint - Black, Panoramic Roof, Privacy Glass",0001-01-01T00:00:00Z,0,,0,0,,"[{'cO2': None, 'nox': None}, 'na']",2,72k 2025-09-16T14:49:16Z,2026-09-15T00:00:00Z,,False,False,False,False,False,False,False,"17,700","57,935","21,500","16,300",,,na
LT71 WGX,VF3MRHNSUMS182675,Online Only,Blackbushe,,BCA OS Sale,PEUGEOT 5008 1.2 P/T 130 ALLURE PREMIUM EAT8 StationWagon,PEUGEOT,5008,1.2,2025-11-03,09:00:00,P/T 130 ALLURE PREMIUM EAT8,StationWagon,Yes,23058,2021,2021 (71 reg),18750,2,B,2025-10-29T00:00:00Z,"https://www1.bcaimage.com/Document?DocType=VehicleImage&width=600&docId=641151036, https://www1.bcaimage.com/Document?DocType=VehicleImage&width=600&docId=641151038, https://www1.bcaimage.com/Document?DocType=VehicleImage&width=600&docId=641151040, https://www1.bcaimage.com/Document?DocType=VehicleImage&width=600&docId=641151043, https://www1.bcaimage.com/Document?DocType=VehicleImage&width=600&docId=641151046, https://www1.bcaimage.com/Document?DocType=VehicleImage&width=600&docId=641151050, https://www1.bcaimage.com/Document?DocType=VehicleImage&width=600&docId=641151055, https://www1.bcaimage.com/Document?DocType=VehicleImage&width=600&docId=641151059, https://www1.bcaimage.com/Document?DocType=VehicleImage&width=600&docId=641151061, https://www1.bcaimage.com/Document?DocType=VehicleImage&width=600&docId=641151064",https://www1.bcaimage.com/Document?DocType=InspectionBase&Reg=LT71 WGX-GB,https://www1.bcaimage.com/Document?DocType=SpecificationSheet&Reg=LT71 WGX-GB,mechanicalreporturl,0,OSA024,WHITE,False,Petrol,Automatic,5,1,True,Present,Maintenance Print,VAT Qualifying,True,Car,"Navigation HDD, Parking Sensor(s), Air Conditioning, Leather/Cloth Trim - Mint Green Colyn, 7 Seats, 18"" Alloy Wheels, Pearlescent Paint - White, Privacy Glass",2025-10-20T00:00:00Z,23058,Maintenance Print,1,0,,"[{'cO2': '151 g/km', 'nox': '0.029 g/km'}, 'na']",2,"15k 2024-09-05T12:54:34Z, 23k 2025-09-28T10:21:51Z",2026-09-27T00:00:00Z,,False,False,False,False,False,False,False,"17,400","33,410","21,250","16,050",32695.0,33370.0,"Pearlescent/special paint 675, Half Mistral leather effect with 'Colyn' cloth seat trim 0, Pearlescent White 0"
DS22 UAD,VXKUPHNSSN4259872,Online Only,Blackbushe,,BCA OS Sale,VAUXHALL CORSA 1.2 TURBO 130 SRI ED. Hatchback,VAUXHALL,CORSA,1.2,2025-11-03,09:00:00,TURBO 130 SRI ED.,Hatchback,Yes,27926,2022,2022 (22 reg),11000,3,B,2025-10-18T00:00:00Z,"https://www1.bcaimage.com/Document?DocType=VehicleImage&width=600&docId=641989632, https://www1.bcaimage.com/Document?DocType=VehicleImage&width=600&docId=641989633, https://www1.bcaimage.com/Document?DocType=VehicleImage&width=600&docId=641989637, https://www1.bcaimage.com/Document?DocType=VehicleImage&width=600&docId=641989639, https://www1.bcaimage.com/Document?DocType=VehicleImage&width=600&docId=641989641, https://www1.bcaimage.com/Document?DocType=VehicleImage&width=600&docId=641989646, https://www1.bcaimage.com/Document?DocType=VehicleImage&width=600&docId=641989653, https://www1.bcaimage.com/Document?DocType=VehicleImage&width=600&docId=641989659, https://www1.bcaimage.com/Document?DocType=VehicleImage&width=600&docId=641989664, https://www1.bcaimage.com/Document?DocType=VehicleImage&width=600&docId=641989667",https://www1.bcaimage.com/Document?DocType=InspectionBase&Reg=DS22 UAD-GB,https://www1.bcaimage.com/Document?DocType=SpecificationSheet&Reg=DS22 UAD-GB,mechanicalreporturl,0,OSA025,BLUE,False,Petrol,Automatic,5,1,True,Present,Maintenance Print,VAT Qualifying,True,Car,"NAV Media NOT Present, Parking Sensor(s), Climate Control, Half Leather Trim, 17"" Alloy Wheels, Privacy Glass, Metallic Paint - Voltaic",2025-10-21T00:00:00Z,27926,Maintenance Print,1,0,,"[{'cO2': '123 g/km', 'nox': '0.020 g/km'}, 'na']",2,23k 2025-06-20T15:39:16Z,2026-06-26T00:00:00Z,,False,False,False,False,False,False,False,"9,950","23,395","12,995","8,875",,,na
KE19 EDO,WDD1770842N087750,Online Only,Blackbushe,,BCA OS Sale,MERCEDES-BENZ A180 1.3 AMG LINE Hatchback,MERCEDES-BENZ,A180,1.3,2025-11-03,09:00:00,AMG LINE,Hatchback,Yes,35250,2019,2019 (19 reg),13350,2,B,2025-10-14T00:00:00Z,"https://www1.bcaimage.com/Document?DocType=VehicleImage&width=600&docId=639147187, https://www1.bcaimage.com/Document?DocType=VehicleImage&width=600&docId=639147189, https://www1.bcaimage.com/Document?DocType=VehicleImage&width=600&docId=639147191, https://www1.bcaimage.com/Document?DocType=VehicleImage&width=600&docId=639147195, https://www1.bcaimage.com/Document?DocType=VehicleImage&width=600&docId=639147199, https://www1.bcaimage.com/Document?DocType=VehicleImage&width=600&docId=639147201, https://www1.bcaimage.com/Document?DocType=VehicleImage&width=600&docId=639147204, https://www1.bcaimage.com/Document?DocType=VehicleImage&width=600&docId=639147209, https://www1.bcaimage.com/Document?DocType=VehicleImage&width=600&docId=639147212, https://www1.bcaimage.com/Document?DocType=VehicleImage&width=600&docId=639147216",https://www1.bcaimage.com/Document?DocType=InspectionBase&Reg=KE19 EDO-GB,https://www1.bcaimage.com/Document?DocType=SpecificationSheet&Reg=KE19 EDO-GB,mechanicalreporturl,0,OSA026,BLACK                 VWH,False,Petrol,Manual Transmission,5,1,True,Present,Maintenance Print,VAT Qualifying,True,Car,"Navigation HDD, Climate Control, Half Leather Trim, 18"" Alloy Wheels",2025-10-30T00:00:00Z,35250,Maintenance Print,1,0,,"[{'cO2': '129 g/km', 'nox': '0.710 g/km'}, ['Key Condition - Remote Inoperative']]",2,"15k 2022-11-19T12:31:12Z, 24k 2023-10-14T14:39:41Z, 30k 2024-10-29T11:14:59Z",2025-10-28T00:00:00Z,,False,False,False,False,False,False,False,"12,250","25,555","15,550","11,150",24895.0,25490.0,"Paint â€“ metallic 595, ARTICO/DINAMICA micofibre black 0, Cosmos Black metallic 0"
YO21 RDV,WF02XXERK2MM89277,Online Only,Blackbushe,,BCA OS Sale,FORD PUMA 1.0 E/B MHEV 155 ST-LINE X Hatchback,FORD,PUMA,1.0,2025-11-03,09:00:00,E/B MHEV 155 ST-LINE X,Hatchback,Yes,35370,2021,2021 (21 reg),12300,1,A,2025-10-29T00:00:00Z,"https://www1.bcaimage.com/Document?DocType=VehicleImage&width=600&docId=640758002, https://www1.bcaimage.com/Document?DocType=VehicleImage&width=600&docId=640758004, https://www1.bcaimage.com/Document?DocType=VehicleImage&width=600&docId=640758009, https://www1.bcaimage.com/Document?DocType=VehicleImage&width=600&docId=640758013, https://www1.bcaimage.com/Document?DocType=VehicleImage&width=600&docId=640758015, https://www1.bcaimage.com/Document?DocType=VehicleImage&width=600&docId=640758020, https://www1.bcaimage.com/Document?DocType=VehicleImage&width=600&docId=640758025, https://www1.bcaimage.com/Document?DocType=VehicleImage&width=600&docId=640758033, https://www1.bcaimage.com/Document?DocType=VehicleImage&width=600&docId=640758039, https://www1.bcaimage.com/Document?DocType=VehicleImage&width=600&docId=640758043",https://www1.bcaimage.com/Document?DocType=InspectionBase&Reg=YO21 RDV-GB,https://www1.bcaimage.com/Document?DocType=SpecificationSheet&Reg=YO21 RDV-GB,mechanicalreporturl,0,OSA027,BLUE,False,Petrol,Manual Transmission,5,1,True,Present,Maintenance Print,VAT Qualifying,True,Car,"Navigation HDD, Parking Sensor(s), Climate Control, Half Leather Trim, Sensico/Cloth Trim - Ebony Black/Red, 18"" Alloy Wheels, Body Colour - Desert Island Blue, Privacy Glass",2025-10-30T00:00:00Z,35370,Maintenance Print,1,0,,"[{'cO2': '128 g/km', 'nox': '0.026 g/km'}, 'na']",2,"23k 2024-06-25T08:05:40Z, 32k 2025-06-16T08:40:20Z",2026-06-29T00:00:00Z,,False,False,False,False,False,False,False,"11,050","24,590","14,695","9,825",,,na
LO73 HXW,WAUZZZGY9RA051871,Online Only,Blackbushe,,BCA OS Sale,AUDI A3 SPORTBACK 1.4 40 TFSI E SPORT S-T Hatchback,AUDI,A3 SPORTBACK,1.4,2025-11-03,09:00:00,40 TFSI E SPORT S-T,Hatchback,Yes,49431,2023,2023 (73 reg),16600,3,B,2025-10-25T00:00:00Z,"https://www1.bcaimage.com/Document?DocType=VehicleImage&width=600&docId=643152264, https://www1.bcaimage.com/Document?DocType=VehicleImage&width=600&docId=643152271, https://www1.bcaimage.com/Document?DocType=VehicleImage&width=600&docId=643152277, https://www1.bcaimage.com/Document?DocType=VehicleImage&width=600&docId=643152287, https://www1.bcaimage.com/Document?DocType=VehicleImage&width=600&docId=643152294, https://www1.bcaimage.com/Document?DocType=VehicleImage&width=600&docId=643152307, https://www1.bcaimage.com/Document?DocType=VehicleImage&width=600&docId=643152315, https://www1.bcaimage.com/Document?DocType=VehicleImage&width=600&docId=643152326, https://www1.bcaimage.com/Document?DocType=VehicleImage&width=600&docId=643152340, https://www1.bcaimage.com/Document?DocType=VehicleImage&width=600&docId=643152349",https://www1.bcaimage.com/Document?DocType=InspectionBase&Reg=LO73 HXW-GB,https://www1.bcaimage.com/Document?DocType=SpecificationSheet&Reg=LO73 HXW-GB,mechanicalreporturl,0,OSA028,BLACK,False,Petrol/Electric,Auto Clutch,5,1,True,Present,Digital Service,VAT Qualifying,True,Car,"Charge Cable - Type 2, Charge Cable - 3 Pin, Navigation HDD, Parking Sensor(s), Climate Control, Leather Trim - Steel Grey Twin, 17"" Alloy Wheels, Solid Paint - Brilliant Black",2025-04-15T00:00:00Z,43153,Digital Service,1,1,,"[{'cO2': '26 g/km', 'nox': '0.011 g/km'}, 'na']",1,na,2026-12-06T00:00:00Z,,False,False,False,False,False,False,False,"15,450","35,855","18,795","14,300",33855.0,34430.0,"Metallic paint 575, Bodycolour exterior mirror 0"
YH22 MXU,SALWA2AY3NA242427,Online Only,Blackbushe,,BCA OS Sale,LAND ROVER R/R SPORT 2.0 P400E AUTOBIOGRAPHY DYNAMIC StationWagon,LAND ROVER,R/R SPORT,2.0,2025-11-03,09:00:00,P400E AUTOBIOGRAPHY DYNAMIC,StationWagon,Yes,39209,2022,2022 (22 reg),34100,3,C,2025-11-02T00:00:00Z,"https://www1.bcaimage.com/Document?DocType=VehicleImage&width=600&docId=646525606, https://www1.bcaimage.com/Document?DocType=VehicleImage&width=600&docId=646525608, https://www1.bcaimage.com/Document?DocType=VehicleImage&width=600&docId=646525611, https://www1.bcaimage.com/Document?DocType=VehicleImage&width=600&docId=646525614, https://www1.bcaimage.com/Document?DocType=VehicleImage&width=600&docId=646525616, https://www1.bcaimage.com/Document?DocType=VehicleImage&width=600&docId=646525621, https://www1.bcaimage.com/Document?DocType=VehicleImage&width=600&docId=646525627, https://www1.bcaimage.com/Document?DocType=VehicleImage&width=600&docId=646525634, https://www1.bcaimage.com/Document?DocType=VehicleImage&width=600&docId=646525639, https://www1.bcaimage.com/Document?DocType=VehicleImage&width=600&docId=646525644",https://www1.bcaimage.com/Document?DocType=InspectionBase&Reg=YH22 MXU-GB,https://www1.bcaimage.com/Document?DocType=SpecificationSheet&Reg=YH22 MXU-GB,mechanicalreporturl,0,OSA029,SANTORINI BLACK METALLIC,False,Petrol/Electric,Automatic,5,1,True,Present,Maintenance Print,VAT Qualifying,True,Car,"Charge Cable - 3 Pin, Charge Cable - Type 2, Navigation HDD, Climate Control, Leather Trim, Leather Trim - Ebony Pimento, Tyre Repair Kit, 21"" Alloy Wheels, Privacy Glass, Metallic Paint - Santorini Black, Panoramic Roof",2024-10-29T00:00:00Z,32455,Maintenance Print,2,2,,"[{'cO2': '84 g/km', 'nox': None}, 'na']",2,38k 2025-05-29T11:54:18Z,2026-05-31T00:00:00Z,,False,False,False,False,False,False,False,"32,800","86,515","38,250","31,500",,,na
GL69 KXC,VF3MRHNSUKS442580,Online Only,Bridgwater,,BCA OS Sale,PEUGEOT 3008 1.2 P/T 130 GT LINE PREMIUM EAT8 Hatchback,PEUGEOT,3008,1.2,2025-11-03,09:00:00,P/T 130 GT LINE PREMIUM EAT8,Hatchback,Yes,69155,2019,2019 (69 reg),10200,2,C,2025-10-29T00:00:00Z,"https://www1.bcaimage.com/Document?DocType=VehicleImage&width=600&docId=644908475, https://www1.bcaimage.com/Document?DocType=VehicleImage&width=600&docId=644902228, https://www1.bcaimage.com/Document?DocType=VehicleImage&width=600&docId=644908492, https://www1.bcaimage.com/Document?DocType=VehicleImage&width=600&docId=644902241, https://www1.bcaimage.com/Document?DocType=VehicleImage&width=600&docId=644908502, https://www1.bcaimage.com/Document?DocType=VehicleImage&width=600&docId=644902252, https://www1.bcaimage.com/Document?DocType=VehicleImage&width=600&docId=644908514, https://www1.bcaimage.com/Document?DocType=VehicleImage&width=600&docId=644902260, https://www1.bcaimage.com/Document?DocType=VehicleImage&width=600&docId=644908521, https://www1.bcaimage.com/Document?DocType=VehicleImage&width=600&docId=644902269, https://www1.bcaimage.com/Document?DocType=VehicleImage&width=600&docId=644908541, https://www1.bcaimage.com/Document?DocType=VehicleImage&width=600&docId=644908562, https://www1.bcaimage.com/Document?DocType=VehicleImage&width=600&docId=644908588, https://www1.bcaimage.com/Document?DocType=VehicleImage&width=600&docId=644908604, https://www1.bcaimage.com/Document?DocType=VehicleImage&width=600&docId=644908617",https://www1.bcaimage.com/Document?DocType=InspectionBase&Reg=GL69 KXC-GB,https://www1.bcaimage.com/Document?DocType=SpecificationSheet&Reg=GL69 KXC-GB,mechanicalreporturl,0,OSA030,RED,False,Petrol,Automatic,5,1,True,Present,Service Book,VAT Qualifying,True,Car,"Navigation HDD, Climate Control, Parking Sensor(s), Leather/Cloth Trim - Grey Imala, Space Saver Spare Wheel, 19"" Alloy Wheels, Panoramic Roof, Privacy Glass, Special Paint - Ultimate Red",2022-06-15T00:00:00Z,31449,Service Book,1,1,,"[{'cO2': '112 g/km', 'nox': '0.021 g/km'}, 'na']",2,"39k 2023-01-18T15:02:26Z, 55k 2024-01-23T12:44:15Z, 62k 2024-12-17T09:15:59Z",2025-12-16T00:00:00Z,,False,False,False,False,False,False,False,"9,075","32,965","12,595","7,950",,,na
LM21 JGV,W1K2132162A940200,Online Only,Bridgwater,,BCA OS Sale,MERCEDES-BENZ E300 DE EQ-P 2.0 AMG LINE 9G Estate,MERCEDES-BENZ,E300 DE EQ-P,2.0,2025-11-03,09:00:00,AMG LINE 9G,Estate,Yes,73361,2021,2021 (21 reg),20350,1,A,2025-10-24T00:00:00Z,"https://www1.bcaimage.com/Document?DocType=VehicleImage&width=600&docId=642895706, https://www1.bcaimage.com/Document?DocType=VehicleImage&width=600&docId=642895715, https://www1.bcaimage.com/Document?DocType=VehicleImage&width=600&docId=642895730, https://www1.bcaimage.com/Document?DocType=VehicleImage&width=600&docId=642895743, https://www1.bcaimage.com/Document?DocType=VehicleImage&width=600&docId=642895758, https://www1.bcaimage.com/Document?DocType=VehicleImage&width=600&docId=642895780, https://www1.bcaimage.com/Document?DocType=VehicleImage&width=600&docId=642895811, https://www1.bcaimage.com/Document?DocType=VehicleImage&width=600&docId=642895826, https://www1.bcaimage.com/Document?DocType=VehicleImage&width=600&docId=642895856, https://www1.bcaimage.com/Document?DocType=VehicleImage&width=600&docId=642895897",https://www1.bcaimage.com/Document?DocType=InspectionBase&Reg=LM21 JGV-GB,https://www1.bcaimage.com/Document?DocType=SpecificationSheet&Reg=LM21 JGV-GB,mechanicalreporturl,0,OSA031,SILVER,False,Diesel/Electric,Auto/Manual Mode,5,1,True,Present,Invoice/Receipt,VAT Qualifying,True,Car,"Charge Cable - 3 Pin, Charge Cable - Type 2, Navigation HDD, Parking Sensor(s), Climate Control, Leather Trim - Black, 18"" Alloy Wheels, Tyre Repair Kit, Privacy Glass, Metallic Paint - High Tech Silver",2025-05-01T00:00:00Z,63385,Invoice/Receipt,4,2,,"[{'cO2': '35 g/km', 'nox': None}, ['ECU Check Complete']]",2,"43k 2024-05-06T15:01:18Z, 63k 2025-05-01T15:49:53Z",2026-05-05T00:00:00Z,,False,False,False,False,False,False,False,"19,150","53,735","23,750","17,900",,,na
CA22 PPF,VR7BCZKXCNE021945,Online Only,Bridgwater,,BCA OS Sale,CITROEN E-C4 100KW 50KWH SHINE ED. Hatchback,CITROEN,E-C4,0,2025-11-03,09:00:00,100KW 50KWH SHINE ED.,Hatchback,Yes,38871,2022,2022 (22 reg),9650,1,B,2025-10-29T00:00:00Z,"https://www1.bcaimage.com/Document?DocType=VehicleImage&width=600&docId=644631155, https://www1.bcaimage.com/Document?DocType=VehicleImage&width=600&docId=644631169, https://www1.bcaimage.com/Document?DocType=VehicleImage&width=600&docId=644631182, https://www1.bcaimage.com/Document?DocType=VehicleImage&width=600&docId=644631195, https://www1.bcaimage.com/Document?DocType=VehicleImage&width=600&docId=644631202, https://www1.bcaimage.com/Document?DocType=VehicleImage&width=600&docId=644631224, https://www1.bcaimage.com/Document?DocType=VehicleImage&width=600&docId=644631245, https://www1.bcaimage.com/Document?DocType=VehicleImage&width=600&docId=644631269, https://www1.bcaimage.com/Document?DocType=VehicleImage&width=600&docId=644631294, https://www1.bcaimage.com/Document?DocType=VehicleImage&width=600&docId=644631313",https://www1.bcaimage.com/Document?DocType=InspectionBase&Reg=CA22 PPF-GB,https://www1.bcaimage.com/Document?DocType=SpecificationSheet&Reg=CA22 PPF-GB,mechanicalreporturl,0,OSA032,WHITE,False,Electric,Automatic,5,1,True,Present,Service Book,VAT Qualifying,True,Car,"Charge Cable - Type 2, Navigation HDD, Parking Sensor(s), Climate Control, Leather/Cloth Trim - Grey/Black Chevrons, Tyre Repair Kit, 18"" Alloy Wheels, Privacy Glass, Solid Paint - Polar White",2023-02-06T00:00:00Z,8625,Service Book,1,1,,"[{'cO2': None, 'nox': None}, 'na']",2,33k 2025-05-28T07:36:27Z,2026-05-30T00:00:00Z,,False,False,False,False,False,False,False,"8,600","31,940","11,795","7,600",,,na
GY72 ERJ,W1K3G8GB0PJ381597,Online Only,Bridgwater,,BCA OS Sale,MERCEDES-BENZ A250 E 1.3 AMG LINE EXECUTIVE ED.DCT Saloon,MERCEDES-BENZ,A250 E,1.3,2025-11-03,09:00:00,AMG LINE EXECUTIVE ED.DCT,Saloon,Yes,36329,2022,2022 (72 reg),18900,1,B,2025-10-29T00:00:00Z,"https://www1.bcaimage.com/Document?DocType=VehicleImage&width=600&docId=644355013, https://www1.bcaimage.com/Document?DocType=VehicleImage&width=600&docId=644355015, https://www1.bcaimage.com/Document?DocType=VehicleImage&width=600&docId=644355016, https://www1.bcaimage.com/Document?DocType=VehicleImage&width=600&docId=644355018, https://www1.bcaimage.com/Document?DocType=VehicleImage&width=600&docId=644355019, https://www1.bcaimage.com/Document?DocType=VehicleImage&width=600&docId=644355020, https://www1.bcaimage.com/Document?DocType=VehicleImage&width=600&docId=644355021, https://www1.bcaimage.com/Document?DocType=VehicleImage&width=600&docId=644355022, https://www1.bcaimage.com/Document?DocType=VehicleImage&width=600&docId=644355023, https://www1.bcaimage.com/Document?DocType=VehicleImage&width=600&docId=644355024",https://www1.bcaimage.com/Document?DocType=InspectionBase&Reg=GY72 ERJ-GB,https://www1.bcaimage.com/Document?DocType=SpecificationSheet&Reg=GY72 ERJ-GB,mechanicalreporturl,0,OSA033,GREY,False,Petrol/Electric,Auto Clutch,4,1,True,Present,Maintenance Print,VAT Qualifying,True,Car,"Navigation HDD, Parking Sensor(s), Climate Control, Cloth/Artico Leather - Dinamica, Tyre Repair Kit, 18"" Alloy Wheels, Metallic Paint - Mountain Grey, Privacy Glass",2024-12-04T00:00:00Z,23927,Maintenance Print,2,2,,"[{'cO2': '22 g/km', 'nox': '0.012 g/km'}, ['ECU Check Complete']]",2,35k 2025-10-08T08:18:17Z,2026-10-26T00:00:00Z,,False,False,False,False,False,False,False,"17,700","36,935","21,000","16,500",,,na
RF23 KWS,WVGZZZA1ZPV690791,Online Only,Bridgwater,,BCA OS Sale,VOLKSWAGEN T-ROC 1.5 TSI 150 R LINE DSG Hatchback,VOLKSWAGEN,T-ROC,1.5,2025-11-03,09:00:00,TSI 150 R LINE DSG,Hatchback,Yes,9971,2023,2023 (23 reg),23800,2,B,2025-10-28T00:00:00Z,"https://www1.bcaimage.com/Document?DocType=VehicleImage&width=600&docId=645043248, https://www1.bcaimage.com/Document?DocType=VehicleImage&width=600&docId=645043251, https://www1.bcaimage.com/Document?DocType=VehicleImage&width=600&docId=645043258, https://www1.bcaimage.com/Document?DocType=VehicleImage&width=600&docId=645043264, https://www1.bcaimage.com/Document?DocType=VehicleImage&width=600&docId=645043269, https://www1.bcaimage.com/Document?DocType=VehicleImage&width=600&docId=645043281, https://www1.bcaimage.com/Document?DocType=VehicleImage&width=600&docId=645043298, https://www1.bcaimage.com/Document?DocType=VehicleImage&width=600&docId=645043312, https://www1.bcaimage.com/Document?DocType=VehicleImage&width=600&docId=645043340, https://www1.bcaimage.com/Document?DocType=VehicleImage&width=600&docId=645043379",https://www1.bcaimage.com/Document?DocType=InspectionBase&Reg=RF23 KWS-GB,https://www1.bcaimage.com/Document?DocType=SpecificationSheet&Reg=RF23 KWS-GB,mechanicalreporturl,0,OSA034,BLACK,False,Petrol,Auto Clutch,5,1,True,Present,Maintenance Print,VAT Qualifying,True,Car,"Navigation HDD, Sport Seat Pack - Leather, Climate Control, Parking Sensor(s), Half Leather Trim, Tyre Repair Kit, 17"" Alloy Wheels, Pearlescent Paint - Pearl Black, Privacy Glass",2025-10-29T00:00:00Z,9971,Maintenance Print,1,0,,"[{'cO2': '138 g/km', 'nox': '0.008 g/km'}, 'na']",2,na,2026-06-29T00:00:00Z,,False,False,False,False,False,False,False,"22,400","33,275","26,250","21,000",33580.0,34290.0,"Deep Black Pearl Effect Paint 710, 'Piano Black' decorative inserts 0, Deep Black Pearl 0"
LM72 VSF,W1K1183842N322468,Online Only,Bridgwater,,BCA OS Sale,MERCEDES-BENZ CLA 180 1.3 AMG LINE PREMIUM DCT Coupe,MERCEDES-BENZ,CLA 180,1.3,2025-11-03,09:00:00,AMG LINE PREMIUM DCT,Coupe,Yes,30528,2022,2022 (72 reg),20550,1,B,2025-10-23T00:00:00Z,"https://www1.bcaimage.com/Document?DocType=VehicleImage&width=600&docId=642844586, https://www1.bcaimage.com/Document?DocType=VehicleImage&width=600&docId=642844597, https://www1.bcaimage.com/Document?DocType=VehicleImage&width=600&docId=642844601, https://www1.bcaimage.com/Document?DocType=VehicleImage&width=600&docId=642844607, https://www1.bcaimage.com/Document?DocType=VehicleImage&width=600&docId=642844615, https://www1.bcaimage.com/Document?DocType=VehicleImage&width=600&docId=642844629, https://www1.bcaimage.com/Document?DocType=VehicleImage&width=600&docId=642844644, https://www1.bcaimage.com/Document?DocType=VehicleImage&width=600&docId=642844656, https://www1.bcaimage.com/Document?DocType=VehicleImage&width=600&docId=642844672, https://www1.bcaimage.com/Document?DocType=VehicleImage&width=600&docId=642844686",https://www1.bcaimage.com/Document?DocType=InspectionBase&Reg=LM72 VSF-GB,https://www1.bcaimage.com/Document?DocType=SpecificationSheet&Reg=LM72 VSF-GB,mechanicalreporturl,0,OSA035,BLUE,False,Petrol,Auto Clutch,4,1,True,Present,Maintenance Print,VAT Qualifying,True,Car,"Navigation HDD, Leather Pack, Climate Control, Parking Sensor(s), Contrast Stitching - Black, Tyre Repair Kit, 18"" Alloy Wheels, Metallic Paint - Denim Blue, Privacy Glass",2025-10-22T00:00:00Z,30528,Maintenance Print,1,0,,"[{'cO2': '138 g/km', 'nox': None}, ['ECU Check Complete']]",2,na,2025-10-16T00:00:00Z,,False,False,False,False,False,False,False,"19,350","35,785","22,750","18,100",,,na
MD23 CEU,TMBBR8NX3PY114072,Online Only,Bridgwater,,BCA OS Sale,SKODA OCTAVIA 1.5 TSI 150 SE L Hatchback,SKODA,OCTAVIA,1.5,2025-11-03,09:00:00,TSI 150 SE L,Hatchback,Yes,31596,2023,2023 (23 reg),15350,2,A,2025-10-29T00:00:00Z,"https://www1.bcaimage.com/Document?DocType=VehicleImage&width=600&docId=645329839, https://www1.bcaimage.com/Document?DocType=VehicleImage&width=600&docId=645329855, https://www1.bcaimage.com/Document?DocType=VehicleImage&width=600&docId=645329867, https://www1.bcaimage.com/Document?DocType=VehicleImage&width=600&docId=645329877, https://www1.bcaimage.com/Document?DocType=VehicleImage&width=600&docId=645329889, https://www1.bcaimage.com/Document?DocType=VehicleImage&width=600&docId=645329901, https://www1.bcaimage.com/Document?DocType=VehicleImage&width=600&docId=645329917, https://www1.bcaimage.com/Document?DocType=VehicleImage&width=600&docId=645329959, https://www1.bcaimage.com/Document?DocType=VehicleImage&width=600&docId=645329991, https://www1.bcaimage.com/Document?DocType=VehicleImage&width=600&docId=645330020",https://www1.bcaimage.com/Document?DocType=InspectionBase&Reg=MD23 CEU-GB,https://www1.bcaimage.com/Document?DocType=SpecificationSheet&Reg=MD23 CEU-GB,mechanicalreporturl,0,OSA036,GREY,False,Petrol,Manual Transmission,5,1,True,Present,Maintenance Print,VAT Qualifying,True,Car,"Navigation HDD, Parking Sensor(s), Climate Control, Leather Trim - Black, Stitching - Grey, Tyre Repair Kit, 17"" Alloy Wheels, Metallic Paint - Graphite Grey, Privacy Glass",2025-03-05T00:00:00Z,21156,Maintenance Print,1,0,CANNOT READ LAST SERVICE,"[{'cO2': '123 g/km', 'nox': '0.015 g/km'}, 'na']",2,na,2026-07-04T00:00:00Z,,False,False,False,False,False,False,False,"14,250","27,545","17,095","13,050",27805.0,28465.0,"Metallic paint 660, Graphite Grey Metallic 0, Rear window wiper 0"
DN21 GWF,VXKUPHNKSM4207724,Online Only,Bridgwater,,BCA OS Sale,VAUXHALL CORSA 1.2 TURBO 100 ELITE PREMIUM Hatchback,VAUXHALL,CORSA,1.2,2025-11-03,09:00:00,TURBO 100 ELITE PREMIUM,Hatchback,Yes,92686,2021,2021 (21 reg),7150,2,B,2025-10-29T00:00:00Z,"https://www1.bcaimage.com/Document?DocType=VehicleImage&width=600&docId=644312404, https://www1.bcaimage.com/Document?DocType=VehicleImage&width=600&docId=644312406, https://www1.bcaimage.com/Document?DocType=VehicleImage&width=600&docId=644312407, https://www1.bcaimage.com/Document?DocType=VehicleImage&width=600&docId=644312411, https://www1.bcaimage.com/Document?DocType=VehicleImage&width=600&docId=644312415, https://www1.bcaimage.com/Document?DocType=VehicleImage&width=600&docId=644312417, https://www1.bcaimage.com/Document?DocType=VehicleImage&width=600&docId=644312419, https://www1.bcaimage.com/Document?DocType=VehicleImage&width=600&docId=644312421, https://www1.bcaimage.com/Document?DocType=VehicleImage&width=600&docId=644312424, https://www1.bcaimage.com/Document?DocType=VehicleImage&width=600&docId=644312428",https://www1.bcaimage.com/Document?DocType=InspectionBase&Reg=DN21 GWF-GB,https://www1.bcaimage.com/Document?DocType=SpecificationSheet&Reg=DN21 GWF-GB,mechanicalreporturl,0,OSA037,Quartz Grey Met.,False,Petrol,Automatic,5,1,True,Present,Service Book,VAT Qualifying,True,Car,"Navigation HDD, Parking Sensor(s), Climate Control, Half Leather Trim, Tyre Repair Kit, 17"" Alloy Wheels, Privacy Glass, Special Paint - Quartz Grey",2024-03-07T00:00:00Z,54381,Service Book,3,0,,"[{'cO2': '123 g/km', 'nox': '0.031 g/km'}, ['Key Condition - Remote Inoperative']]",2,"61k 2024-06-27T10:02:43Z, 83k 2025-05-29T14:21:31Z",2026-06-26T00:00:00Z,,False,False,False,False,False,False,False,"6,225","22,975","9,125","5,325",,,na
LS71 PAO,W1K1183862N256454,Online Only,Brighouse,,BCA OS Sale,MERCEDES-BENZ CLA 250 E 1.3 AMG LINE PREMIUM DCT Coupe,MERCEDES-BENZ,CLA 250 E,1.3,2025-11-03,09:00:00,AMG LINE PREMIUM DCT,Coupe,Yes,65758,2021,2021 (71 reg),17100,1,B,2025-10-29T00:00:00Z,"https://www1.bcaimage.com/Document?DocType=VehicleImage&width=600&docId=642952718, https://www1.bcaimage.com/Document?DocType=VehicleImage&width=600&docId=642952725, https://www1.bcaimage.com/Document?DocType=VehicleImage&width=600&docId=642952732, https://www1.bcaimage.com/Document?DocType=VehicleImage&width=600&docId=642952744, https://www1.bcaimage.com/Document?DocType=VehicleImage&width=600&docId=642952757, https://www1.bcaimage.com/Document?DocType=VehicleImage&width=600&docId=642952773, https://www1.bcaimage.com/Document?DocType=VehicleImage&width=600&docId=642952784, https://www1.bcaimage.com/Document?DocType=VehicleImage&width=600&docId=642952803, https://www1.bcaimage.com/Document?DocType=VehicleImage&width=600&docId=642952819, https://www1.bcaimage.com/Document?DocType=VehicleImage&width=600&docId=642952833",https://www1.bcaimage.com/Document?DocType=InspectionBase&Reg=LS71 PAO-GB,https://www1.bcaimage.com/Document?DocType=SpecificationSheet&Reg=LS71 PAO-GB,mechanicalreporturl,0,OSA038,BLACK,False,Petrol/Electric,Auto Clutch,4,1,True,Present,Service Print,VAT Qualifying,True,Car,"Charge Cable - Type 2, Charge Cable - 3 Pin, Navigation System, Navigation HDD, Leather Pack, Parking Sensor(s), Climate Control, Leather Trim - Bahia Brown, Leather Trim, Tyre Repair Kit, 18"" Alloy Wheels, Metallic Paint - Cosmos Black",2024-07-24T00:00:00Z,34584,Service Print,2,0,,"[{'cO2': '23 g/km', 'nox': None}, ['Sold With - DOCS IN OFFICE V5', 'Sold With - Docs in office SK']]",2,"35k 2024-09-09T11:28:31Z, 58k 2025-07-22T10:43:54Z",2026-07-21T00:00:00Z,,False,False,False,False,False,False,False,"15,950","38,395","19,350","14,750",,,na
YD73 EDJ,WAUZZZFY5P2195118,Online Only,Glasgow - East,,BCA OS Sale,AUDI Q5 2.0 50 TFSI E Q S LINE S-T StationWagon,AUDI,Q5,2.0,2025-11-03,09:00:00,50 TFSI E Q S LINE S-T,StationWagon,Yes,16476,2023,2023 (73 reg),30600,1,A,2025-10-28T00:00:00Z,"https://www1.bcaimage.com/Document?DocType=VehicleImage&width=600&docId=643939992, https://www1.bcaimage.com/Document?DocType=VehicleImage&width=600&docId=643940004, https://www1.bcaimage.com/Document?DocType=VehicleImage&width=600&docId=643940021, https://www1.bcaimage.com/Document?DocType=VehicleImage&width=600&docId=643940025, https://www1.bcaimage.com/Document?DocType=VehicleImage&width=600&docId=643940038, https://www1.bcaimage.com/Document?DocType=VehicleImage&width=600&docId=643940050, https://www1.bcaimage.com/Document?DocType=VehicleImage&width=600&docId=643940084, https://www1.bcaimage.com/Document?DocType=VehicleImage&width=600&docId=643940102, https://www1.bcaimage.com/Document?DocType=VehicleImage&width=600&docId=643940141, https://www1.bcaimage.com/Document?DocType=VehicleImage&width=600&docId=643940157",https://www1.bcaimage.com/Document?DocType=InspectionBase&Reg=YD73 EDJ-GB,https://www1.bcaimage.com/Document?DocType=SpecificationSheet&Reg=YD73 EDJ-GB,mechanicalreporturl,0,OSA039,GREY,False,Petrol/Electric,Auto Clutch,5,1,True,Present,Maintenance Print,VAT Qualifying,True,Car,"Charge Cable - 3 Pin, Navigation HDD, Climate Control, Parking Sensor(s), Leather/Cloth Trim - Black, 19"" Alloy Wheels, Pearlescent Paint - Daytona Grey, Privacy Glass",2025-10-30T00:00:00Z,16476,Maintenance Print,2,0,,"[{'cO2': '38 g/km', 'nox': '0.010 g/km'}, 'na']",2,na,2026-09-07T00:00:00Z,,False,False,False,False,False,False,False,"29,350","55,810","34,500","28,050",55150.0,55825.0,"Pearl effect paint 675, Black Sport seats with leather/Dinamica 0, Daytona grey, pearl effect 0, Matt brushed aluminium 0"
YN71 HXD,ZFACF1CJ0NJF57962,Online Only,Glasgow - East,,BCA OS Sale,FIAT 500 1.0 M/H DOLCEVITA Hatchback,FIAT,500,1.0,2025-11-03,09:00:00,M/H DOLCEVITA,Hatchback,Yes,30759,2021,2021 (71 reg),7700,2,A,2025-10-28T00:00:00Z,"https://www1.bcaimage.com/Document?DocType=VehicleImage&width=600&docId=644122781, https://www1.bcaimage.com/Document?DocType=VehicleImage&width=600&docId=644122789, https://www1.bcaimage.com/Document?DocType=VehicleImage&width=600&docId=644122793, https://www1.bcaimage.com/Document?DocType=VehicleImage&width=600&docId=644122801, https://www1.bcaimage.com/Document?DocType=VehicleImage&width=600&docId=644122806, https://www1.bcaimage.com/Document?DocType=VehicleImage&width=600&docId=644122813, https://www1.bcaimage.com/Document?DocType=VehicleImage&width=600&docId=644122820, https://www1.bcaimage.com/Document?DocType=VehicleImage&width=600&docId=644122828, https://www1.bcaimage.com/Document?DocType=VehicleImage&width=600&docId=644122836, https://www1.bcaimage.com/Document?DocType=VehicleImage&width=600&docId=644122842",https://www1.bcaimage.com/Document?DocType=InspectionBase&Reg=YN71 HXD-GB,https://www1.bcaimage.com/Document?DocType=SpecificationSheet&Reg=YN71 HXD-GB,mechanicalreporturl,0,OSA040,BLUE,False,Petrol,Manual Transmission,3,1,True,Present,Maintenance Print,VAT Qualifying,True,Car,"Air Conditioning, Parking Sensor(s), Cloth Trim - White/Black Ambience, Part Leather Trim, Alloy Wheels, Tyre Inflation Kit, Metallic Paint - Epic Blue, Panoramic Roof",2025-02-11T00:00:00Z,24541,Maintenance Print,2,0,Errors on print,"[{'cO2': '113 g/km', 'nox': '0.048 g/km'}, 'na']",2,"21k 2024-09-24T11:05:12Z, 30k 2025-09-01T12:50:02Z",2026-09-29T00:00:00Z,,False,False,False,False,False,False,False,"6,750","14,920","9,395","5,800",,,na
BJ71 XKG,KMHK381GUMU142206,Online Only,Leeds,,BCA OS Sale,HYUNDAI KONA ELECTRIC 150KW 64KWH PREMIUM Hatchback,HYUNDAI,KONA ELECTRIC,0,2025-11-03,09:00:00,150KW 64KWH PREMIUM,Hatchback,Yes,27249,2021,2021 (71 reg),12700,2,B,2025-10-29T00:00:00Z,"https://www1.bcaimage.com/Document?DocType=VehicleImage&width=600&docId=645505124, https://www1.bcaimage.com/Document?DocType=VehicleImage&width=600&docId=645505129, https://www1.bcaimage.com/Document?DocType=VehicleImage&width=600&docId=645505137, https://www1.bcaimage.com/Document?DocType=VehicleImage&width=600&docId=645505141, https://www1.bcaimage.com/Document?DocType=VehicleImage&width=600&docId=645505146, https://www1.bcaimage.com/Document?DocType=VehicleImage&width=600&docId=645505156, https://www1.bcaimage.com/Document?DocType=VehicleImage&width=600&docId=645505166, https://www1.bcaimage.com/Document?DocType=VehicleImage&width=600&docId=645505184, https://www1.bcaimage.com/Document?DocType=VehicleImage&width=600&docId=645505196, https://www1.bcaimage.com/Document?DocType=VehicleImage&width=600&docId=645505209",https://www1.bcaimage.com/Document?DocType=InspectionBase&Reg=BJ71 XKG-GB,https://www1.bcaimage.com/Document?DocType=SpecificationSheet&Reg=BJ71 XKG-GB,mechanicalreporturl,0,OSA041,BLUE,False,Electric,Automatic,5,1,True,Present,Service Book,VAT Qualifying,True,Car,"Charge Cable - Type 2, Navigation HDD, Navigation System, Parking Sensor(s), Climate Control, Cloth Trim - Black, 17"" Alloy Wheels, Privacy Glass, Solid Paint - Dive Blue",2024-10-30T00:00:00Z,20154,Service Book,1,0,,"[{'cO2': None, 'nox': None}, 'na']",2,"19k 2024-08-01T10:33:06Z, 24k 2025-05-29T11:18:07Z",2026-05-28T00:00:00Z,,False,False,False,False,False,False,False,"11,600","34,995","14,895","10,550",,,na
VF21 KYW,WVWZZZAWZMU091633,Online Only,Leeds,,BCA OS Sale,VOLKSWAGEN POLO 1.0 EVO 80 BEATS Hatchback,VOLKSWAGEN,POLO,1.0,2025-11-03,09:00:00,EVO 80 BEATS,Hatchback,Yes,15780,2021,2021 (21 reg),12650,3,B,2025-10-22T00:00:00Z,"https://www1.bcaimage.com/Document?DocType=VehicleImage&width=600&docId=643390479, https://www1.bcaimage.com/Document?DocType=VehicleImage&width=600&docId=643390489, https://www1.bcaimage.com/Document?DocType=VehicleImage&width=600&docId=643390499, https://www1.bcaimage.com/Document?DocType=VehicleImage&width=600&docId=643390509, https://www1.bcaimage.com/Document?DocType=VehicleImage&width=600&docId=643390514, https://www1.bcaimage.com/Document?DocType=VehicleImage&width=600&docId=643390526, https://www1.bcaimage.com/Document?DocType=VehicleImage&width=600&docId=643390540, https://www1.bcaimage.com/Document?DocType=VehicleImage&width=600&docId=643390551, https://www1.bcaimage.com/Document?DocType=VehicleImage&width=600&docId=643390562, https://www1.bcaimage.com/Document?DocType=VehicleImage&width=600&docId=643390574",https://www1.bcaimage.com/Document?DocType=InspectionBase&Reg=VF21 KYW-GB,https://www1.bcaimage.com/Document?DocType=SpecificationSheet&Reg=VF21 KYW-GB,mechanicalreporturl,0,OSA042,BLACK,False,Petrol,Manual Transmission,5,1,True,Present,Invoice/Receipt,VAT Qualifying,True,Car,"NAV Media NOT Present, Air Conditioning, Half Leather Trim, Cloth Trim - Black/Red Tracks, Alloy Wheels, Pearlescent Paint - Pearl Black",2025-10-13T00:00:00Z,15738,Invoice/Receipt,1,0,,"[{'cO2': '125 g/km', 'nox': '0.020 g/km'}, 'na']",1,"13k 2024-10-02T12:56:37Z, 15k 2025-10-13T11:18:54Z",2026-10-12T00:00:00Z,,False,False,False,False,False,False,False,"11,550","17,625","14,650","10,450",17285.0,17870.0,"Pearl Effect Paint - Deep Black 585, Deep Black Pearl Effect 0, â€˜Tracks 2â€™ cloth Titan Black/Red 0"
LS72 OVC,WAUZZZGY5PA025782,Online Only,Leeds,,BCA OS Sale,AUDI A3 SPORTBACK 1.5 35 TFSI S LINE Hatchback,AUDI,A3 SPORTBACK,1.5,2025-11-03,09:00:00,35 TFSI S LINE,Hatchback,Yes,16289,2022,2022 (72 reg),20300,3,A,2025-10-24T00:00:00Z,"https://www1.bcaimage.com/Document?DocType=VehicleImage&width=600&docId=644121831, https://www1.bcaimage.com/Document?DocType=VehicleImage&width=600&docId=644121838, https://www1.bcaimage.com/Document?DocType=VehicleImage&width=600&docId=644121845, https://www1.bcaimage.com/Document?DocType=VehicleImage&width=600&docId=644121849, https://www1.bcaimage.com/Document?DocType=VehicleImage&width=600&docId=644121856, https://www1.bcaimage.com/Document?DocType=VehicleImage&width=600&docId=644121867, https://www1.bcaimage.com/Document?DocType=VehicleImage&width=600&docId=644121897, https://www1.bcaimage.com/Document?DocType=VehicleImage&width=600&docId=644121914, https://www1.bcaimage.com/Document?DocType=VehicleImage&width=600&docId=644121932, https://www1.bcaimage.com/Document?DocType=VehicleImage&width=600&docId=644121955",https://www1.bcaimage.com/Document?DocType=InspectionBase&Reg=LS72 OVC-GB,https://www1.bcaimage.com/Document?DocType=SpecificationSheet&Reg=LS72 OVC-GB,mechanicalreporturl,0,OSA043,GREY,False,Petrol,Manual Transmission,5,1,True,Present,Maintenance Print,VAT Qualifying,True,Car,"Navigation System, Comfort & Sound Pack, Parking Sensor(s), Climate Control, Leather Trim - Black Rock Twin, 18"" Alloy Wheels, Pearlescent Paint - Daytona Grey, Privacy Glass",2025-10-30T00:00:00Z,16289,Maintenance Print,1,0,,"[{'cO2': '136 g/km', 'nox': '0.015 g/km'}, 'na']",2,na,2025-10-30T00:00:00Z,,False,False,False,False,False,False,False,"19,100","31,310","22,500","17,900",29455.0,31485.0,"Comfort and Sound Pack 1195, Daytona grey, pearl effect 575, 18"" x 8.0J '5-Y-spoke style', Graphite Grey, diamond cut alloy wheel with 225/40 R18 tires 145, Flat bottom steering wheel 115, Daytona grey, pearl effect 0, Inlays in dark spectrum aluminium 0, Twin leather with S embossing - Black 0"
RY21 NXR,WVGZZZC1ZMY126620,Online Only,Manchester,,BCA OS Sale,VOLKSWAGEN T-CROSS 1.0 TSI 110 SEL Hatchback,VOLKSWAGEN,T-CROSS,1.0,2025-11-03,09:00:00,TSI 110 SEL,Hatchback,Yes,28246,2021,2021 (21 reg),12800,1,B,2025-10-24T00:00:00Z,"https://www1.bcaimage.com/Document?DocType=VehicleImage&width=600&docId=642770584, https://www1.bcaimage.com/Document?DocType=VehicleImage&width=600&docId=642770590, https://www1.bcaimage.com/Document?DocType=VehicleImage&width=600&docId=642770600, https://www1.bcaimage.com/Document?DocType=VehicleImage&width=600&docId=642770607, https://www1.bcaimage.com/Document?DocType=VehicleImage&width=600&docId=642770614, https://www1.bcaimage.com/Document?DocType=VehicleImage&width=600&docId=642770630, https://www1.bcaimage.com/Document?DocType=VehicleImage&width=600&docId=642770640, https://www1.bcaimage.com/Document?DocType=VehicleImage&width=600&docId=642770649, https://www1.bcaimage.com/Document?DocType=VehicleImage&width=600&docId=642770658, https://www1.bcaimage.com/Document?DocType=VehicleImage&width=600&docId=642770665",https://www1.bcaimage.com/Document?DocType=InspectionBase&Reg=RY21 NXR-GB,https://www1.bcaimage.com/Document?DocType=SpecificationSheet&Reg=RY21 NXR-GB,mechanicalreporturl,0,OSA044,SILVER,False,Petrol,Manual Transmission,5,1,True,Present,Maintenance Print,VAT Qualifying,True,Car,"Navigation HDD, Parking Sensor(s), Climate Control, Half Leather Trim, Cloth Trim - Titan Black Pearl, Tyre Repair Kit, 17"" Alloy Wheels, Metallic Paint - Reflex Silver, Privacy Glass",2025-10-27T00:00:00Z,28246,Maintenance Print,2,0,photocopy only,"[{'cO2': '132 g/km', 'nox': None}, 'na']",1,"19k 2024-08-06T09:06:57Z, 26k 2025-08-01T08:25:45Z",2026-08-19T00:00:00Z,,False,False,False,False,False,False,False,"11,550","22,800","15,250","10,300",22685.0,23270.0,"Reflex Silver Metallic Paint 585, Reflex Silver metallic 0, â€˜Hexalink/pearlâ€™ cloth Titan Black 0"
VA22 ETD,VXKUPHMHDN4269004,Online Only,Manchester,,BCA OS Sale,VAUXHALL CORSA 1.2 75 SE ED. Hatchback,VAUXHALL,CORSA,1.2,2025-11-03,09:00:00,75 SE ED.,Hatchback,Yes,8916,2022,2022 (22 reg),9650,1,A,2025-10-16T00:00:00Z,"https://www1.bcaimage.com/Document?DocType=VehicleImage&width=600&docId=641434256, https://www1.bcaimage.com/Document?DocType=VehicleImage&width=600&docId=641434260, https://www1.bcaimage.com/Document?DocType=VehicleImage&width=600&docId=641434269, https://www1.bcaimage.com/Document?DocType=VehicleImage&width=600&docId=641434277, https://www1.bcaimage.com/Document?DocType=VehicleImage&width=600&docId=641434284, https://www1.bcaimage.com/Document?DocType=VehicleImage&width=600&docId=641434296, https://www1.bcaimage.com/Document?DocType=VehicleImage&width=600&docId=641434308, https://www1.bcaimage.com/Document?DocType=VehicleImage&width=600&docId=641434321, https://www1.bcaimage.com/Document?DocType=VehicleImage&width=600&docId=641434331, https://www1.bcaimage.com/Document?DocType=VehicleImage&width=600&docId=641434348",https://www1.bcaimage.com/Document?DocType=InspectionBase&Reg=VA22 ETD-GB,https://www1.bcaimage.com/Document?DocType=SpecificationSheet&Reg=VA22 ETD-GB,mechanicalreporturl,0,OSA045,RED,False,Petrol,Manual Transmission,5,1,True,Present,Maintenance Print,VAT Qualifying,True,Car,"Air Conditioning, Cloth Trim, Tyre Repair Kit, Alloy Wheels, Body Colour - Hot Red",2025-10-24T00:00:00Z,8916,Maintenance Print,1,0,,"[{'cO2': '118 g/km', 'nox': None}, 'na']",2,7k 2025-05-29T13:57:13Z,2026-05-28T00:00:00Z,,False,False,False,False,False,False,False,"8,575","17,145","11,650","7,525",,,na
FD21 KNG,WBATS120209G81509,Online Only,Manchester,,BCA OS Sale,BMW X3 2.0 XDRIVE 30E M SPORT STEP StationWagon,BMW,X3,2.0,2025-11-03,09:00:00,XDRIVE 30E M SPORT STEP,StationWagon,Yes,75098,2021,2021 (21 reg),20650,1,A,2025-10-08T00:00:00Z,"https://www1.bcaimage.com/Document?DocType=VehicleImage&width=600&docId=639065583, https://www1.bcaimage.com/Document?DocType=VehicleImage&width=600&docId=639065591, https://www1.bcaimage.com/Document?DocType=VehicleImage&width=600&docId=639065607, https://www1.bcaimage.com/Document?DocType=VehicleImage&width=600&docId=639065647, https://www1.bcaimage.com/Document?DocType=VehicleImage&width=600&docId=639065678, https://www1.bcaimage.com/Document?DocType=VehicleImage&width=600&docId=639065700, https://www1.bcaimage.com/Document?DocType=VehicleImage&width=600&docId=639065729, https://www1.bcaimage.com/Document?DocType=VehicleImage&width=600&docId=639065755, https://www1.bcaimage.com/Document?DocType=VehicleImage&width=600&docId=639065778, https://www1.bcaimage.com/Document?DocType=VehicleImage&width=600&docId=639065832",https://www1.bcaimage.com/Document?DocType=InspectionBase&Reg=FD21 KNG-GB,https://www1.bcaimage.com/Document?DocType=SpecificationSheet&Reg=FD21 KNG-GB,mechanicalreporturl,0,OSA046,WHITE,False,Petrol/Electric,Auto/Manual Mode,5,1,True,Present,ECU held Service History,VAT Qualifying,True,Car,"Charge Cable - 3 Pin, Charge Cable - Type 2, Navigation HDD, Climate Control, Parking Sensor(s), Leather Trim, Tyre Inflation Kit, 20"" Alloy Wheels, Privacy Glass",2024-08-28T00:00:00Z,65395,ECU held Service History,3,3,,"[{'cO2': '45 g/km', 'nox': None}, ['Key Condition - Remote Inoperative']]",1,"56k 2024-03-27T09:20:48Z, 73k 2025-03-13T09:55:43Z",2026-03-26T00:00:00Z,,False,False,False,False,False,False,False,"19,250","53,545","23,000","17,850",50995.0,52305.0,"Instrument panel in Sensatec 500, M Sport Braking 490, Sun Protection Glass 320, 20"" M light alloy wheels Double-spoke style 699 M with non RFT tyres, Bicolour Orbit Grey 0, Active Protection 0, Adaptive Suspension 0, Alpine White Non-metallic 0, M Seatbelts 0, Vernasca leather upholstery - Black with blue contrast stitching 0, Vernasca leather, Black with Blue Contrast Stitching 0"
RK22 LTU,WAUZZZF2XNN060529,Online Only,Manchester,,BCA OS Sale,AUDI A6 2.0 40 TFSI SPORT S-T Saloon,AUDI,A6,2.0,2025-11-03,09:00:00,40 TFSI SPORT S-T,Saloon,Yes,32760,2022,2022 (22 reg),18800,2,B,2025-10-21T00:00:00Z,"https://www1.bcaimage.com/Document?DocType=VehicleImage&width=600&docId=642712603, https://www1.bcaimage.com/Document?DocType=VehicleImage&width=600&docId=642712617, https://www1.bcaimage.com/Document?DocType=VehicleImage&width=600&docId=642712631, https://www1.bcaimage.com/Document?DocType=VehicleImage&width=600&docId=642712644, https://www1.bcaimage.com/Document?DocType=VehicleImage&width=600&docId=642712656, https://www1.bcaimage.com/Document?DocType=VehicleImage&width=600&docId=642712684, https://www1.bcaimage.com/Document?DocType=VehicleImage&width=600&docId=642712695, https://www1.bcaimage.com/Document?DocType=VehicleImage&width=600&docId=642712714, https://www1.bcaimage.com/Document?DocType=VehicleImage&width=600&docId=642712734, https://www1.bcaimage.com/Document?DocType=VehicleImage&width=600&docId=642712758",https://www1.bcaimage.com/Document?DocType=InspectionBase&Reg=RK22 LTU-GB,https://www1.bcaimage.com/Document?DocType=SpecificationSheet&Reg=RK22 LTU-GB,mechanicalreporturl,0,OSA047,BLACK,False,Petrol,Auto Clutch,4,1,True,Present,Maintenance Print,VAT Qualifying,True,Car,"Navigation HDD, Tech Pack, Parking Sensor(s), Climate Control, Leather Trim - Black Milano, Tyre Repair Kit, 18"" Alloy Wheels, Metallic Paint - Mythos Black",2025-10-24T00:00:00Z,32760,Maintenance Print,2,0,,"[{'cO2': '163 g/km', 'nox': None}, 'na']",2,29k 2025-06-16T14:30:38Z,2026-06-15T00:00:00Z,,False,False,False,False,False,False,False,"17,550","39,340","22,000","16,300",38905.0,38905.0,"Aluminium fragment 0, Brilliant black, solid 0, Twin leather, Black 0"
MT71 VHR,TMBKJ7NX6NY035249,Online Only,Manchester,,BCA OS Sale,SKODA OCTAVIA 2.0 TDI 150 SE L Estate,SKODA,OCTAVIA,2.0,2025-11-03,09:00:00,TDI 150 SE L,Estate,Yes,97952,2021,2021 (71 reg),10550,2,A,2025-10-02T00:00:00Z,"https://www1.bcaimage.com/Document?DocType=VehicleImage&width=600&docId=644143022, https://www1.bcaimage.com/Document?DocType=VehicleImage&width=600&docId=644143029, https://www1.bcaimage.com/Document?DocType=VehicleImage&width=600&docId=644143037, https://www1.bcaimage.com/Document?DocType=VehicleImage&width=600&docId=644143046, https://www1.bcaimage.com/Document?DocType=VehicleImage&width=600&docId=644143052, https://www1.bcaimage.com/Document?DocType=VehicleImage&width=600&docId=644143069, https://www1.bcaimage.com/Document?DocType=VehicleImage&width=600&docId=644143084, https://www1.bcaimage.com/Document?DocType=VehicleImage&width=600&docId=644143105, https://www1.bcaimage.com/Document?DocType=VehicleImage&width=600&docId=644143126, https://www1.bcaimage.com/Document?DocType=VehicleImage&width=600&docId=644143140, https://www1.bcaimage.com/Document?DocType=VehicleImage&width=600&docId=644143161",https://www1.bcaimage.com/Document?DocType=InspectionBase&Reg=MT71 VHR-GB,https://www1.bcaimage.com/Document?DocType=SpecificationSheet&Reg=MT71 VHR-GB,mechanicalreporturl,0,OSA048,BLUE,False,Diesel,Manual Transmission,5,1,True,Present,Maintenance Print,VAT Qualifying,True,Car,"Navigation HDD, Climate Control, Half Leather Trim, Artificial Suede Trim - Black, 17"" Alloy Wheels, Tyre Repair Kit, Solid Paint - Energy Blue",2025-07-11T00:00:00Z,95941,Maintenance Print,5,0,Errors on print,"[{'cO2': '113 g/km', 'nox': None}, ['Key Condition - Remote Inoperative']]",2,78k 2024-11-11T16:46:58Z,2025-12-09T00:00:00Z,,False,False,False,False,False,False,False,"9,525","28,830","12,250","8,475",28220.0,28220.0,"Black Microsuede/leather upholstery 0, Decorative inserts 0, Energy Blue solid 0"
RO72 VZT,WVGZZZE2ZNP067116,Online Only,Manchester,,BCA OS Sale,VOLKSWAGEN ID.4 109KW 52KWH LIFE PURE Hatchback,VOLKSWAGEN,ID.4,0,2025-11-03,09:00:00,109KW 52KWH LIFE PURE,Hatchback,Yes,26995,2022,2022 (72 reg),15750,4,A,2025-10-25T00:00:00Z,"https://www1.bcaimage.com/Document?DocType=VehicleImage&width=600&docId=644361549, https://www1.bcaimage.com/Document?DocType=VehicleImage&width=600&docId=644361551, https://www1.bcaimage.com/Document?DocType=VehicleImage&width=600&docId=644361553, https://www1.bcaimage.com/Document?DocType=VehicleImage&width=600&docId=644361556, https://www1.bcaimage.com/Document?DocType=VehicleImage&width=600&docId=644361558, https://www1.bcaimage.com/Document?DocType=VehicleImage&width=600&docId=644361561, https://www1.bcaimage.com/Document?DocType=VehicleImage&width=600&docId=644361564, https://www1.bcaimage.com/Document?DocType=VehicleImage&width=600&docId=644361568, https://www1.bcaimage.com/Document?DocType=VehicleImage&width=600&docId=644361572, https://www1.bcaimage.com/Document?DocType=VehicleImage&width=600&docId=644361578",https://www1.bcaimage.com/Document?DocType=InspectionBase&Reg=RO72 VZT-GB,https://www1.bcaimage.com/Document?DocType=SpecificationSheet&Reg=RO72 VZT-GB,mechanicalreporturl,0,OSA049,GREY,False,Electric,Automatic,5,1,True,Present,Digital Service,VAT Qualifying,True,Car,"Charge Cable - Type 2, Navigation HDD, Parking Sensor(s), Climate Control, Half Leather Trim, Cloth Trim - Black Art Velour, Metallic Paint - Manganese Grey",2024-09-13T00:00:00Z,16588,Digital Service,1,0,,"[{'cO2': None, 'nox': None}, 'na']",2,25k 2025-08-27T11:10:05Z,2026-08-26T00:00:00Z,,False,False,False,False,False,False,False,"14,450","34,940","18,150","13,150",37210.0,37895.0,"Metallic paint 685, Manganese Grey Metallic 0, Soul Black-Platinum Grey Art velours microfleece 0"
DS22 UBB,VXKUPHNEKN4251207,Online Only,Manchester,,BCA OS Sale,VAUXHALL CORSA 1.2 TURBO 100 SRI ED. Hatchback,VAUXHALL,CORSA,1.2,2025-11-03,09:00:00,TURBO 100 SRI ED.,Hatchback,Yes,31327,2022,2022 (22 reg),9425,2,B,2025-10-21T00:00:00Z,"https://www1.bcaimage.com/Document?DocType=VehicleImage&width=600&docId=641957152, https://www1.bcaimage.com/Document?DocType=VehicleImage&width=600&docId=641957161, https://www1.bcaimage.com/Document?DocType=VehicleImage&width=600&docId=641957177, https://www1.bcaimage.com/Document?DocType=VehicleImage&width=600&docId=641957185, https://www1.bcaimage.com/Document?DocType=VehicleImage&width=600&docId=641957192, https://www1.bcaimage.com/Document?DocType=VehicleImage&width=600&docId=641957212, https://www1.bcaimage.com/Document?DocType=VehicleImage&width=600&docId=641957232, https://www1.bcaimage.com/Document?DocType=VehicleImage&width=600&docId=641957271, https://www1.bcaimage.com/Document?DocType=VehicleImage&width=600&docId=641957291, https://www1.bcaimage.com/Document?DocType=VehicleImage&width=600&docId=641957316",https://www1.bcaimage.com/Document?DocType=InspectionBase&Reg=DS22 UBB-GB,https://www1.bcaimage.com/Document?DocType=SpecificationSheet&Reg=DS22 UBB-GB,mechanicalreporturl,0,OSA050,ORANGE,False,Petrol,Manual Transmission,5,1,True,Present,Maintenance Print,VAT Qualifying,True,Car,"Parking Sensor(s), Climate Control, 7 Seats, Half Leather Trim, 17"" Alloy Wheels, Privacy Glass",2025-10-24T00:00:00Z,31327,Maintenance Print,1,0,,"[{'cO2': '117 g/km', 'nox': None}, 'na']",2,28k 2025-06-26T11:18:14Z,2026-06-26T00:00:00Z,,False,False,False,False,False,False,False,"8,350","20,695","11,450","7,325",,,na
